project_id,sector,start_date,forecast_model,propensity_score,erp_legacy_score,budget_planned_kUSD,duration_months,advance_pct,capex_opex_ratio,fx_exposure,supplier_concentration,cpi_t0,spi_t0,decision_latency_days,erp_real_time,dso_days,eac_ratio,cv_index,sv_index,eac_spi_adj,overrun_ratio,overrun_flag,mape_manual,mape_pofc,opex_baseline_kUSD,opex_actual_kUSD,report_days_manual,report_days_pofc
PRJ-2019-001,Maritime Services,2023-05-10,Manual,0.6288,0.193,12141.6,7.0,0.346,1.504,0.19,0.736,0.6077,0.9982,43.0,0,43.1,1.6455,-0.3923,-0.0018,1.6485,0.0743,1,0.1351,0.1488,607.2,606.1,4.9,1.0
PRJ-2019-002,Offshore Energy,2023-02-11,POFC,0.4557,0.127,2381.4,41.0,0.129,4.218,0.164,0.889,1.0048,0.8683,4.6,1,50.0,0.9952,0.0048,-0.1317,1.1462,0.0861,1,0.1573,0.1062,100.1,83.9,4.9,0.9
PRJ-2019-003,Heavy Mfg,2021-11-29,Manual,0.3351,0.309,10543.8,54.0,0.428,2.564,0.323,0.372,1.1865,0.9386,37.5,0,40.7,0.8428,0.1865,-0.0614,0.8979,0.1255,1,0.1017,0.0922,655.7,659.9,6.4,1.1
PRJ-2019-004,Heavy Mfg,2023-05-08,Manual,0.3171,0.689,10422.8,38.0,0.209,2.99,0.598,0.416,0.8772,0.9689,38.2,0,24.8,1.1399,-0.1228,-0.0311,1.1765,0.1407,1,0.146,0.1507,585.6,593.6,4.6,0.8
PRJ-2019-005,Maritime Services,2021-01-17,Manual,0.5795,0.342,13260.6,53.0,0.128,1.823,0.535,0.583,0.9383,0.9146,44.1,0,35.9,1.0658,-0.0617,-0.0854,1.1652,0.107,1,0.1157,0.1145,848.2,825.7,4.5,0.9
PRJ-2019-006,Shipbuilding,2023-06-27,Manual,0.5034,0.483,6443.3,53.0,0.115,1.702,0.375,0.556,0.8122,0.8582,36.4,0,34.4,1.2313,-0.1878,-0.1418,1.4348,0.0145,0,0.1197,0.1095,455.6,464.5,4.0,0.6
PRJ-2019-007,Shipbuilding,2021-01-27,POFC,0.3429,0.428,905.0,22.0,0.122,1.203,0.125,0.251,1.0172,0.8434,8.2,1,45.4,0.9831,0.0172,-0.1566,1.1656,-0.0715,0,0.1092,0.0834,37.2,30.2,4.6,0.9
PRJ-2019-008,Maritime Services,2022-05-14,POFC,0.3734,0.167,5812.4,32.0,0.173,2.708,0.516,0.281,1.1583,1.0133,1.8,1,42.1,0.8633,0.1583,0.0133,0.852,-0.0695,0,0.1884,0.1288,517.1,420.9,6.0,1.3
PRJ-2019-009,Heavy Mfg,2023-02-27,Manual,0.3121,0.215,1097.8,33.0,0.36,2.092,0.58,0.886,1.0572,1.1268,44.7,0,48.7,0.9459,0.0572,0.1268,0.8394,0.1426,1,0.161,0.1614,62.7,60.8,5.1,1.1
PRJ-2019-010,Shipbuilding,2023-09-13,POFC,0.7712,0.035,13298.6,31.0,0.225,3.342,0.343,0.239,1.0376,0.8941,8.9,1,70.3,0.9638,0.0376,-0.1059,1.0779,-0.0008,0,0.1361,0.1077,1162.7,1007.2,4.3,0.9
PRJ-2019-011,Offshore Energy,2021-04-18,Manual,0.1003,0.781,12206.1,7.0,0.11,2.328,0.388,0.84,1.1745,1.0667,38.9,1,29.1,0.8514,0.1745,0.0667,0.8,0.1201,1,0.1692,0.1641,547.4,546.9,5.5,1.1
PRJ-2019-012,Shipbuilding,2021-05-18,POFC,0.6091,0.254,7041.6,37.0,0.411,2.495,0.38,0.233,0.978,1.0637,10.4,1,54.7,1.0225,-0.022,0.0637,0.9612,-0.0228,0,0.1305,0.1019,323.6,272.1,4.6,0.8
PRJ-2019-013,Shipbuilding,2022-02-08,Manual,0.3235,0.634,11224.5,19.0,0.326,4.152,0.183,0.655,0.9802,1.0921,35.8,0,52.0,1.0202,-0.0198,0.0921,0.9341,0.0931,1,0.1193,0.1105,634.5,599.4,5.5,1.2
PRJ-2019-014,Shipbuilding,2020-06-01,Manual,0.2733,0.504,14921.7,12.0,0.338,1.891,0.488,0.331,1.1441,0.9153,46.4,0,51.9,0.874,0.1441,-0.0847,0.9549,0.1737,1,0.0971,0.0784,1312.9,1300.6,4.3,1.0
PRJ-2019-015,Maritime Services,2023-09-14,Manual,0.2758,0.191,3833.6,25.0,0.317,2.55,0.379,0.802,0.9882,1.0308,33.2,0,58.4,1.0119,-0.0118,0.0308,0.9817,0.0374,0,0.1346,0.1342,312.2,315.8,4.3,0.9
PRJ-2019-016,Offshore Energy,2021-08-22,POFC,0.502,0.538,13111.7,14.0,0.204,4.178,0.201,0.641,1.1238,1.0422,16.6,1,60.5,0.8899,0.1238,0.0422,0.8538,-0.0062,0,0.1631,0.1179,712.8,590.2,5.4,0.9
PRJ-2019-017,Shipbuilding,2022-12-05,Manual,0.2469,0.292,5143.1,6.0,0.206,2.488,0.336,0.813,1.1948,1.15,15.2,1,24.3,0.8369,0.1948,0.15,0.8,-0.1438,0,0.0894,0.0866,339.5,338.8,4.8,0.9
PRJ-2019-018,Offshore Energy,2021-02-12,POFC,0.661,0.114,7157.0,20.0,0.384,2.684,0.059,0.272,1.0052,0.934,12.0,1,57.1,0.9948,0.0052,-0.066,1.065,-0.1015,0,0.1848,0.1239,341.8,283.4,3.3,0.7
PRJ-2019-019,Shipbuilding,2023-04-03,Manual,0.5266,0.693,13350.8,39.0,0.211,2.263,0.572,0.698,0.8936,1.116,41.3,0,19.0,1.1191,-0.1064,0.116,1.0027,0.1724,1,0.2011,0.2055,569.9,561.0,3.6,0.8
PRJ-2019-020,Shipbuilding,2020-09-20,POFC,0.451,0.382,5903.5,55.0,0.419,3.268,0.183,0.553,0.9154,1.15,5.1,1,51.7,1.0924,-0.0846,0.15,0.9499,-0.149,0,0.1518,0.1104,287.1,239.7,6.0,1.2
PRJ-2019-021,Shipbuilding,2020-07-27,Manual,0.675,0.419,14572.7,43.0,0.108,1.716,0.448,0.775,0.9845,0.9409,35.0,0,66.5,1.0157,-0.0155,-0.0591,1.0796,0.0871,1,0.1693,0.176,1129.4,1165.9,5.3,1.0
PRJ-2019-022,Offshore Energy,2020-01-31,Manual,0.3849,0.488,9536.9,16.0,0.233,3.714,0.598,0.485,1.1024,0.8337,22.3,0,32.5,0.9071,0.1024,-0.1663,1.0881,0.1144,1,0.1588,0.1551,719.6,723.7,5.7,1.1
PRJ-2019-023,Offshore Energy,2023-08-31,Manual,0.4853,0.163,895.6,42.0,0.365,3.606,0.275,0.48,0.8016,0.9148,35.8,0,43.6,1.2476,-0.1984,-0.0852,1.3638,0.1192,1,0.1619,0.1695,42.9,42.3,3.8,0.7
PRJ-2019-024,Maritime Services,2020-04-11,Manual,0.3475,0.142,6569.6,43.0,0.369,3.163,0.426,0.846,1.0327,1.0563,30.2,0,51.7,0.9683,0.0327,0.0563,0.9167,-0.0206,0,0.1794,0.1693,458.5,451.2,4.8,0.9
PRJ-2019-025,Shipbuilding,2021-03-07,Manual,0.6547,0.238,11416.5,15.0,0.108,4.178,0.562,0.752,1.2,0.9217,45.2,1,60.1,0.8333,0.2,-0.0783,0.9042,-0.0086,0,0.1553,0.1588,699.8,709.5,5.2,1.1
PRJ-2019-026,Offshore Energy,2021-05-05,Manual,0.3759,0.372,5507.2,57.0,0.204,4.486,0.241,0.214,0.9149,0.8144,27.2,1,93.4,1.0931,-0.0851,-0.1856,1.3421,0.0226,0,0.1453,0.1177,322.6,316.8,4.6,0.9
PRJ-2019-027,Shipbuilding,2023-03-09,Manual,0.1898,0.497,6512.1,13.0,0.246,1.411,0.358,0.633,0.9941,0.895,38.7,0,42.5,1.0059,-0.0059,-0.105,1.1239,0.194,1,0.1068,0.1317,411.5,428.0,5.7,1.1
PRJ-2019-028,Offshore Energy,2023-02-10,Manual,0.4271,0.514,6256.0,30.0,0.192,4.329,0.552,0.229,0.6954,0.7479,44.2,1,57.1,1.4381,-0.3046,-0.2521,1.9228,-0.0343,0,0.1434,0.1467,369.9,360.4,5.8,1.3
PRJ-2019-029,Maritime Services,2023-12-02,POFC,0.5787,0.443,8915.9,27.0,0.211,4.049,0.324,0.554,0.9146,1.0961,11.3,1,54.9,1.0934,-0.0854,0.0961,0.9975,-0.057,0,0.2144,0.1531,694.9,575.6,5.8,0.9
PRJ-2019-030,Maritime Services,2019-12-25,POFC,0.5626,0.468,11779.3,41.0,0.191,2.777,0.403,0.497,0.8985,0.8813,13.1,1,60.5,1.113,-0.1015,-0.1187,1.2629,-0.0408,0,0.1302,0.0895,670.9,555.9,4.1,0.7
PRJ-2019-031,Heavy Mfg,2022-03-01,POFC,0.681,0.176,9753.1,36.0,0.254,3.165,0.268,0.298,1.0306,0.8418,11.8,1,49.4,0.9703,0.0306,-0.1582,1.1527,0.2064,1,0.1477,0.1076,650.0,520.8,5.1,0.9
PRJ-2019-032,Heavy Mfg,2020-05-12,Manual,0.3691,0.596,12410.4,23.0,0.311,4.129,0.201,0.779,0.8847,0.9087,34.9,1,44.5,1.1304,-0.1153,-0.0913,1.2439,0.1577,1,0.1731,0.1632,865.9,885.9,6.3,1.1
PRJ-2019-033,Shipbuilding,2022-08-13,Manual,0.4455,0.284,6043.0,26.0,0.129,3.507,0.512,0.516,0.991,1.0137,30.7,0,50.6,1.0091,-0.009,0.0137,0.9955,0.1423,1,0.1528,0.1549,486.1,481.1,5.8,1.2
PRJ-2019-034,Offshore Energy,2022-09-15,Manual,0.2413,0.503,4119.9,30.0,0.131,2.583,0.164,0.337,0.981,1.1099,33.9,1,45.7,1.0194,-0.019,0.1099,0.9184,0.0263,0,0.2142,0.2343,367.8,378.1,5.3,1.1
PRJ-2019-035,Heavy Mfg,2023-08-09,POFC,0.6685,0.246,14744.1,11.0,0.164,2.445,0.244,0.508,0.9458,1.15,10.3,1,42.6,1.0573,-0.0542,0.15,0.9194,-0.1046,0,0.1466,0.0731,1056.7,852.9,4.7,0.8
PRJ-2019-036,Heavy Mfg,2020-08-18,Manual,0.2221,0.79,8412.4,6.0,0.412,3.379,0.301,0.83,1.0211,1.0279,48.5,0,54.8,0.9793,0.0211,0.0279,0.9527,0.1508,1,0.1988,0.2035,405.2,394.1,6.3,1.1
PRJ-2019-037,Offshore Energy,2019-12-30,Manual,0.3716,0.68,14273.3,18.0,0.143,4.443,0.097,0.68,0.8654,0.7684,26.3,0,55.0,1.1555,-0.1346,-0.2316,1.5039,0.0784,1,0.1811,0.182,1003.2,963.3,4.7,0.8
PRJ-2019-038,Maritime Services,2020-06-22,POFC,0.0765,0.695,10874.1,34.0,0.211,2.412,0.357,0.848,1.1618,0.8062,6.6,1,51.2,0.8607,0.1618,-0.1938,1.0676,-0.0426,0,0.1208,0.0939,942.5,807.5,4.8,0.9
PRJ-2019-039,Maritime Services,2023-12-17,POFC,0.6242,0.348,5780.6,22.0,0.149,2.494,0.066,0.767,0.7517,0.8789,10.0,1,72.6,1.3303,-0.2483,-0.1211,1.5135,0.1288,1,0.1133,0.0889,256.9,214.6,6.4,1.1
PRJ-2019-040,Offshore Energy,2020-05-24,Manual,0.484,0.229,5976.0,9.0,0.393,2.687,0.159,0.462,1.0163,1.016,36.2,0,10.0,0.984,0.0163,0.016,0.9685,0.1001,1,0.173,0.166,240.0,243.6,5.1,0.9
PRJ-2019-041,Offshore Energy,2022-09-17,POFC,0.6867,0.093,2154.0,11.0,0.13,3.389,0.193,0.758,0.9852,0.9136,8.4,1,24.9,1.0151,-0.0148,-0.0864,1.1111,0.0207,0,0.139,0.0971,95.5,79.0,4.7,0.9
PRJ-2019-042,Shipbuilding,2020-06-22,POFC,0.2462,0.078,1428.3,17.0,0.18,3.372,0.265,0.51,1.2,1.0997,7.3,1,43.6,0.8333,0.2,0.0997,0.8,-0.0057,0,0.097,0.0766,119.4,104.7,5.3,0.9
PRJ-2019-043,Heavy Mfg,2021-11-10,POFC,0.4081,0.419,11697.5,16.0,0.351,2.401,0.546,0.383,1.0028,0.8887,6.0,1,31.2,0.9972,0.0028,-0.1113,1.122,-0.0,0,0.0877,0.069,823.9,666.6,4.5,0.8
PRJ-2019-044,Offshore Energy,2022-07-08,POFC,0.3657,0.517,13827.8,16.0,0.151,4.093,0.485,0.534,1.1165,0.55,11.2,1,46.5,0.8956,0.1165,-0.45,1.6284,0.0252,0,0.1468,0.1178,1102.7,911.7,4.7,1.0
PRJ-2019-045,Offshore Energy,2022-11-01,Manual,0.2001,0.582,2877.8,11.0,0.371,3.295,0.401,0.495,0.7444,0.8338,46.9,0,46.4,1.3433,-0.2556,-0.1662,1.6111,0.1166,1,0.1667,0.1703,170.9,176.9,4.9,1.0
PRJ-2019-046,Offshore Energy,2023-05-04,Manual,0.3731,0.374,3855.6,40.0,0.377,1.462,0.445,0.459,0.9226,1.0456,27.6,0,76.5,1.0839,-0.0774,0.0456,1.0366,0.0686,1,0.1213,0.1158,203.2,206.0,5.8,1.3
PRJ-2019-047,Shipbuilding,2020-02-10,Manual,0.1755,0.345,3202.5,11.0,0.37,2.375,0.1,0.51,1.0118,1.15,49.5,0,17.1,0.9883,0.0118,0.15,0.8594,0.0695,1,0.1983,0.183,179.7,180.4,5.0,0.9
PRJ-2019-048,Maritime Services,2020-10-26,POFC,0.4881,0.287,4369.7,50.0,0.379,2.075,0.261,0.5,0.9881,0.8896,1.0,1,34.8,1.0121,-0.0119,-0.1104,1.1377,-0.1508,0,0.1266,0.1088,184.4,154.9,5.5,1.1
PRJ-2019-049,Offshore Energy,2021-05-18,POFC,0.6297,0.45,13766.5,52.0,0.252,4.1,0.41,0.581,1.0376,1.1255,8.0,1,37.9,0.9638,0.0376,0.1255,0.8563,-0.1062,0,0.1901,0.1307,1018.4,870.2,4.2,0.9
PRJ-2019-050,Maritime Services,2019-10-14,Manual,0.2572,0.707,8885.2,17.0,0.123,3.157,0.594,0.653,1.0414,0.941,31.9,1,31.8,0.9602,0.0414,-0.059,1.0205,-0.0174,0,0.1279,0.1253,784.5,803.9,5.0,1.2
PRJ-2019-051,Shipbuilding,2021-11-20,POFC,0.4223,0.226,5641.2,55.0,0.331,4.163,0.102,0.312,0.8816,0.7133,14.0,1,53.9,1.1343,-0.1184,-0.2867,1.5901,0.0908,1,0.1736,0.1222,470.4,381.1,4.7,0.8
PRJ-2019-052,Maritime Services,2022-01-09,Manual,0.4283,0.176,10692.5,16.0,0.108,1.841,0.458,0.666,1.02,0.9498,33.8,1,58.1,0.9804,0.02,-0.0502,1.0322,0.0873,1,0.1508,0.147,693.0,703.3,5.9,1.1
PRJ-2019-053,Shipbuilding,2020-07-17,Manual,0.3932,0.254,4333.3,21.0,0.425,3.051,0.243,0.307,1.068,0.8578,37.1,0,66.3,0.9363,0.068,-0.1422,1.0915,0.0235,0,0.1653,0.1573,285.1,293.1,5.6,1.2
PRJ-2019-054,Shipbuilding,2020-04-13,POFC,0.635,0.171,10000.4,42.0,0.114,2.939,0.171,0.574,1.11,0.9148,10.1,1,44.2,0.9009,0.11,-0.0852,0.9848,-0.2022,0,0.1811,0.1256,603.6,501.8,6.1,1.5
PRJ-2019-055,Heavy Mfg,2019-05-28,POFC,0.5429,0.438,11683.6,27.0,0.416,4.224,0.471,0.579,1.0552,0.9355,19.7,1,42.8,0.9477,0.0552,-0.0645,1.013,0.0822,1,0.1904,0.1207,986.2,826.9,5.0,1.0
PRJ-2019-056,Heavy Mfg,2019-05-13,Manual,0.3601,0.614,11626.3,30.0,0.137,4.484,0.078,0.415,1.1269,0.7864,43.2,0,52.0,0.8874,0.1269,-0.2136,1.1284,0.0555,1,0.1481,0.1564,997.7,985.7,5.5,1.1
PRJ-2019-057,Maritime Services,2023-03-19,Manual,0.204,0.341,8319.7,18.0,0.357,3.795,0.15,0.743,1.1247,1.15,36.8,0,47.8,0.8891,0.1247,0.15,0.8,-0.0197,0,0.1269,0.1068,588.3,611.6,4.1,0.7
PRJ-2019-058,Maritime Services,2020-02-24,Manual,0.6191,0.378,9480.0,15.0,0.396,1.338,0.356,0.539,0.8551,0.9357,31.4,0,42.6,1.1694,-0.1449,-0.0643,1.2497,0.1353,1,0.1706,0.1516,495.2,509.8,6.0,1.3
PRJ-2019-059,Maritime Services,2019-01-31,Manual,0.2198,0.451,2285.6,42.0,0.231,2.416,0.211,0.415,1.2,0.7952,51.4,0,54.7,0.8333,0.2,-0.2048,1.048,0.0304,0,0.1278,0.1181,126.2,125.3,4.4,0.8
PRJ-2019-060,Heavy Mfg,2021-12-24,POFC,0.3905,0.73,13789.8,41.0,0.188,2.69,0.218,0.896,1.0417,0.9786,11.3,1,37.9,0.96,0.0417,-0.0214,0.9809,-0.079,0,0.1552,0.1079,1011.6,777.1,4.3,0.9
PRJ-2019-061,Offshore Energy,2023-11-06,POFC,0.5398,0.806,13457.9,53.0,0.265,3.822,0.356,0.695,0.925,1.1466,10.7,1,26.0,1.081,-0.075,0.1466,0.9428,0.0674,1,0.1387,0.0885,1146.1,946.8,5.1,1.0
PRJ-2019-062,Shipbuilding,2019-02-13,POFC,0.4425,0.335,12563.2,14.0,0.193,3.892,0.305,0.849,0.8163,0.8745,10.6,1,30.1,1.2251,-0.1837,-0.1255,1.4009,-0.0605,0,0.1995,0.1573,765.9,595.1,4.9,0.9
PRJ-2019-063,Offshore Energy,2022-12-22,Manual,0.4844,0.556,10809.8,44.0,0.31,1.213,0.182,0.497,1.0075,1.0749,36.4,1,10.0,0.9925,0.0075,0.0749,0.9233,-0.0681,0,0.0781,0.0697,455.9,458.2,5.3,1.0
PRJ-2019-064,Shipbuilding,2019-08-27,POFC,0.8051,0.367,14742.5,21.0,0.449,4.385,0.056,0.331,0.8589,1.0827,9.5,1,27.3,1.1643,-0.1411,0.0827,1.0754,0.0877,1,0.171,0.1376,671.0,553.5,6.2,1.3
PRJ-2019-065,Heavy Mfg,2023-05-04,POFC,0.8261,0.08,11407.8,25.0,0.435,4.358,0.074,0.497,0.893,0.9177,4.0,1,51.3,1.1198,-0.107,-0.0823,1.2203,0.1363,1,0.1293,0.0882,719.1,615.5,4.8,1.1
PRJ-2019-066,Offshore Energy,2023-03-07,Manual,0.2831,0.624,8743.0,27.0,0.253,2.272,0.574,0.427,0.8478,0.9075,43.6,0,63.7,1.1795,-0.1522,-0.0925,1.2997,0.2675,1,0.1196,0.1135,354.4,345.1,4.6,1.0
PRJ-2019-067,Shipbuilding,2022-09-03,POFC,0.4427,0.247,8923.5,21.0,0.33,1.499,0.432,0.607,0.9932,1.1121,10.2,1,42.9,1.0068,-0.0068,0.1121,0.9054,0.0155,0,0.1791,0.1332,422.4,346.3,4.9,0.9
PRJ-2019-068,Offshore Energy,2019-04-11,POFC,0.3258,0.276,7176.0,53.0,0.304,2.188,0.31,0.518,1.172,1.0262,7.6,1,26.4,0.8532,0.172,0.0262,0.8314,-0.0422,0,0.123,0.0839,598.4,501.8,4.8,0.9
PRJ-2019-069,Heavy Mfg,2021-10-13,POFC,0.5766,0.398,11402.3,37.0,0.325,2.546,0.286,0.864,0.8713,1.0575,17.9,1,49.4,1.1478,-0.1287,0.0575,1.0853,0.1436,1,0.1856,0.1387,628.9,519.9,5.7,1.0
PRJ-2019-070,Heavy Mfg,2021-07-19,POFC,0.372,0.555,14883.0,26.0,0.212,2.869,0.274,0.821,1.1356,0.8013,14.9,1,27.5,0.8806,0.1356,-0.1987,1.099,-0.0925,0,0.1536,0.1158,938.1,751.1,4.6,1.0
PRJ-2019-071,Shipbuilding,2022-04-18,Manual,0.278,0.94,13685.0,58.0,0.169,1.412,0.22,0.358,1.1501,1.0632,41.4,0,27.8,0.8695,0.1501,0.0632,0.8178,-0.0486,0,0.1461,0.1522,1013.1,1002.5,4.4,1.0
PRJ-2019-072,Shipbuilding,2021-05-08,Manual,0.2638,0.474,3868.0,16.0,0.304,2.693,0.115,0.804,0.9377,1.15,36.5,0,42.8,1.0664,-0.0623,0.15,0.9273,0.0874,1,0.1957,0.2156,281.2,275.5,4.6,0.7
PRJ-2019-073,Shipbuilding,2023-08-27,Manual,0.0575,0.65,3202.7,16.0,0.344,2.747,0.453,0.442,1.0392,0.9188,22.1,1,56.0,0.9623,0.0392,-0.0812,1.0474,0.0062,0,0.1414,0.1468,140.9,142.3,5.0,0.9
PRJ-2019-074,Heavy Mfg,2023-12-03,POFC,0.2833,0.72,12794.3,30.0,0.389,2.701,0.05,0.521,1.2,0.8816,14.7,1,65.4,0.8333,0.2,-0.1184,0.9452,-0.0093,0,0.1149,0.0665,905.4,716.1,6.5,1.3
PRJ-2019-075,Maritime Services,2021-07-24,POFC,0.5557,0.429,13872.3,30.0,0.249,2.661,0.418,0.402,0.905,0.7044,14.1,1,80.3,1.105,-0.095,-0.2956,1.5686,0.1136,1,0.1633,0.121,1032.3,828.5,4.7,1.0
PRJ-2019-076,Offshore Energy,2021-07-15,Manual,0.7358,0.32,11958.6,31.0,0.348,4.256,0.095,0.333,0.8442,1.0282,42.1,0,57.1,1.1846,-0.1558,0.0282,1.1521,0.1589,1,0.0886,0.1032,516.4,504.7,4.1,0.7
PRJ-2019-077,Maritime Services,2022-06-21,Manual,0.9169,0.284,13181.6,39.0,0.232,2.374,0.541,0.466,0.791,0.8061,37.0,1,58.7,1.2643,-0.209,-0.1939,1.5685,0.2031,1,0.1724,0.1942,979.4,978.2,5.5,1.1
PRJ-2019-078,Maritime Services,2021-11-15,POFC,0.5382,0.291,5736.6,33.0,0.418,3.905,0.473,0.803,1.1028,1.0645,16.0,1,28.4,0.9068,0.1028,0.0645,0.8518,0.0643,1,0.1822,0.1339,305.3,261.0,6.3,1.3
PRJ-2019-079,Shipbuilding,2023-08-05,POFC,0.7631,0.248,11310.1,55.0,0.407,2.058,0.587,0.676,1.0666,0.9833,9.6,1,58.3,0.9376,0.0666,-0.0167,0.9535,0.0374,0,0.156,0.1053,811.1,684.7,5.2,1.0
PRJ-2019-080,Heavy Mfg,2023-03-04,Manual,0.376,0.358,4613.0,40.0,0.331,3.245,0.182,0.715,0.9948,0.824,38.5,1,37.1,1.0052,-0.0052,-0.176,1.2199,0.0627,1,0.121,0.13,412.2,407.9,5.4,1.1
PRJ-2019-081,Heavy Mfg,2020-03-21,POFC,0.5245,0.101,2967.1,6.0,0.206,1.565,0.222,0.414,0.8619,0.9979,20.0,1,25.2,1.1603,-0.1381,-0.0021,1.1626,-0.0214,0,0.0846,0.061,163.0,128.6,3.9,0.9
PRJ-2019-082,Offshore Energy,2019-01-21,Manual,0.3871,0.148,11696.9,10.0,0.435,3.143,0.067,0.715,0.9311,0.9082,34.2,0,27.0,1.0739,-0.0689,-0.0918,1.1824,0.1872,1,0.18,0.1913,468.3,445.2,4.6,0.6
PRJ-2019-083,Heavy Mfg,2021-04-17,POFC,0.3686,0.692,14856.5,59.0,0.329,1.332,0.204,0.684,0.8172,0.8749,11.9,1,61.0,1.2237,-0.1828,-0.1251,1.3988,-0.0045,0,0.1623,0.0984,624.6,507.6,4.9,1.0
PRJ-2019-084,Maritime Services,2021-09-30,Manual,0.2112,0.694,9019.7,43.0,0.166,2.911,0.153,0.85,0.8768,1.0118,47.4,0,96.5,1.1405,-0.1232,0.0118,1.1272,0.0511,1,0.1824,0.1757,558.8,540.8,5.1,0.8
PRJ-2020-001,Shipbuilding,2021-09-28,Manual,0.2646,0.775,12145.9,43.0,0.209,4.038,0.438,0.25,0.9203,0.9608,33.1,0,47.2,1.0866,-0.0797,-0.0392,1.1309,0.0882,1,0.1635,0.1715,814.7,805.8,6.0,1.1
PRJ-2020-002,Maritime Services,2019-07-04,POFC,0.5868,0.305,7369.8,36.0,0.368,2.714,0.061,0.807,0.8255,1.0366,8.6,1,47.1,1.2114,-0.1745,0.0366,1.1687,-0.032,0,0.1045,0.0771,587.7,460.4,4.4,1.0
PRJ-2020-003,Shipbuilding,2020-07-06,Manual,0.5534,0.412,6845.4,58.0,0.226,3.726,0.566,0.221,0.9971,1.0608,41.8,0,36.2,1.003,-0.0029,0.0608,0.9455,0.0758,1,0.176,0.1639,466.9,473.4,5.8,1.1
PRJ-2020-004,Heavy Mfg,2021-08-08,Manual,0.3999,0.217,3634.0,18.0,0.198,1.832,0.457,0.689,1.0317,0.6975,33.8,1,11.3,0.9692,0.0317,-0.3025,1.3896,0.0763,1,0.1896,0.2138,240.9,244.9,6.7,1.4
PRJ-2020-005,Shipbuilding,2020-06-14,Manual,0.3663,0.61,8868.0,44.0,0.299,3.946,0.574,0.774,1.1285,1.0595,41.0,1,69.4,0.8861,0.1285,0.0595,0.8364,-0.086,0,0.2121,0.2307,522.3,534.4,4.6,1.0
PRJ-2020-006,Shipbuilding,2021-03-12,POFC,0.7569,0.124,12192.2,25.0,0.32,2.309,0.442,0.834,1.0095,0.891,14.0,1,13.1,0.9906,0.0095,-0.109,1.1118,0.0995,1,0.1611,0.1268,836.2,684.5,5.0,1.0
PRJ-2020-007,Shipbuilding,2022-02-04,POFC,0.2567,0.314,2401.7,37.0,0.387,1.332,0.56,0.407,1.2,1.0413,17.7,1,44.4,0.8333,0.2,0.0413,0.8003,-0.1063,0,0.1197,0.0867,104.8,89.7,4.8,1.0
PRJ-2020-008,Heavy Mfg,2021-07-24,Manual,0.3413,0.6,5167.9,48.0,0.28,4.211,0.191,0.625,0.832,1.0759,21.9,1,63.9,1.202,-0.168,0.0759,1.1172,-0.0177,0,0.1229,0.1167,461.4,472.3,5.6,1.0
PRJ-2020-009,Offshore Energy,2022-12-23,POFC,0.7937,0.108,7801.9,46.0,0.188,3.844,0.321,0.375,1.0678,0.8545,15.1,1,55.6,0.9365,0.0678,-0.1455,1.096,0.0053,0,0.1455,0.1127,328.5,286.2,5.2,1.1
PRJ-2020-010,Offshore Energy,2020-08-24,Manual,0.1993,0.468,2590.0,44.0,0.291,1.298,0.337,0.731,0.9506,1.15,36.1,0,69.0,1.052,-0.0494,0.15,0.9148,-0.0345,0,0.16,0.1571,162.7,158.6,3.9,0.6
PRJ-2020-011,Maritime Services,2019-11-29,Manual,0.2408,0.814,8843.5,19.0,0.204,1.718,0.173,0.492,0.9529,0.7778,42.7,0,41.3,1.0494,-0.0471,-0.2222,1.3492,0.1461,1,0.1421,0.1529,502.8,494.5,4.0,0.7
PRJ-2020-012,Shipbuilding,2023-05-03,POFC,0.149,0.69,7794.5,7.0,0.291,3.976,0.408,0.521,0.8712,1.0659,12.2,1,56.2,1.1479,-0.1288,0.0659,1.0769,0.0136,0,0.1289,0.082,463.6,369.3,3.7,0.7
PRJ-2020-013,Heavy Mfg,2022-04-21,Manual,0.2034,0.485,1389.6,51.0,0.111,2.075,0.405,0.72,0.8416,0.8897,33.1,0,21.9,1.1883,-0.1584,-0.1103,1.3357,0.0261,0,0.1117,0.1102,89.6,90.3,5.0,1.0
PRJ-2020-014,Offshore Energy,2020-01-01,Manual,0.3233,0.252,8011.9,19.0,0.3,2.112,0.073,0.479,0.9048,1.1176,41.1,0,48.4,1.1052,-0.0952,0.1176,0.9889,-0.0663,0,0.142,0.1351,524.4,517.9,5.1,0.9
PRJ-2020-015,Shipbuilding,2023-08-22,Manual,0.4954,0.14,560.9,56.0,0.299,3.39,0.274,0.57,0.9699,0.8168,28.3,0,19.8,1.0311,-0.0301,-0.1832,1.2623,-0.0035,0,0.1581,0.1688,27.8,27.9,5.4,1.0
PRJ-2020-016,Shipbuilding,2021-04-03,Manual,0.6489,0.171,7473.4,17.0,0.273,4.381,0.45,0.382,0.8107,0.9747,42.5,0,31.6,1.2335,-0.1893,-0.0253,1.2656,-0.0217,0,0.152,0.1449,327.6,337.2,4.8,0.9
PRJ-2020-017,Shipbuilding,2020-08-13,POFC,0.5602,0.224,9948.6,30.0,0.115,3.005,0.331,0.425,0.952,0.9619,7.7,1,69.1,1.0504,-0.048,-0.0381,1.092,-0.0739,0,0.1715,0.1509,617.3,513.2,4.0,0.8
PRJ-2020-018,Shipbuilding,2021-04-17,Manual,0.331,0.355,8296.5,22.0,0.302,2.559,0.586,0.734,1.1244,0.9976,43.0,0,23.6,0.8894,0.1244,-0.0024,0.8915,0.2343,1,0.1506,0.1645,601.1,605.2,5.7,1.1
PRJ-2020-019,Maritime Services,2022-12-18,POFC,0.5969,0.09,2542.7,34.0,0.172,2.232,0.304,0.833,0.8586,0.8871,18.1,1,62.3,1.1647,-0.1414,-0.1129,1.3128,-0.1146,0,0.1535,0.1057,112.2,94.5,4.7,1.0
PRJ-2020-020,Heavy Mfg,2023-01-04,POFC,0.6524,0.301,6048.8,59.0,0.213,1.39,0.125,0.587,1.0286,0.8362,3.6,1,40.2,0.9722,0.0286,-0.1638,1.1626,0.023,0,0.1634,0.1261,362.8,296.0,4.8,1.1
PRJ-2020-021,Offshore Energy,2020-03-27,POFC,0.7299,0.076,5844.8,50.0,0.194,4.215,0.509,0.542,0.8305,0.8434,12.6,1,42.1,1.2041,-0.1695,-0.1566,1.4277,0.0026,0,0.1383,0.1025,354.7,305.4,6.3,1.2
PRJ-2020-022,Shipbuilding,2022-08-20,POFC,0.3444,0.403,2157.3,26.0,0.118,3.944,0.371,0.473,0.8529,0.8334,15.7,1,29.0,1.1724,-0.1471,-0.1666,1.4068,-0.1096,0,0.1449,0.1067,96.7,77.8,5.7,1.2
PRJ-2020-023,Heavy Mfg,2022-01-19,POFC,0.6707,0.231,3089.7,7.0,0.34,2.328,0.096,0.78,0.8564,0.8627,8.8,1,32.8,1.1677,-0.1436,-0.1373,1.3536,-0.1069,0,0.108,0.0928,217.1,179.2,6.0,1.2
PRJ-2020-024,Heavy Mfg,2023-08-07,Manual,0.286,0.556,13103.3,50.0,0.265,3.793,0.486,0.697,1.1059,0.9756,38.4,0,33.6,0.9042,0.1059,-0.0244,0.9269,0.1548,1,0.189,0.2041,829.4,831.5,6.9,1.4
PRJ-2020-025,Heavy Mfg,2023-04-18,Manual,0.3478,0.57,14677.7,50.0,0.12,3.514,0.348,0.356,0.9406,0.811,52.0,1,51.6,1.0631,-0.0594,-0.189,1.3108,-0.0279,0,0.1273,0.1266,611.2,600.2,4.6,0.9
PRJ-2020-026,Shipbuilding,2022-07-15,Manual,0.7915,0.054,8022.6,52.0,0.279,2.934,0.145,0.201,0.9132,0.6713,51.2,0,24.9,1.095,-0.0868,-0.3287,1.6312,0.1671,1,0.1439,0.1456,626.6,633.2,4.9,1.0
PRJ-2020-027,Shipbuilding,2021-10-26,Manual,0.0941,0.669,510.2,16.0,0.233,2.143,0.44,0.841,1.0586,0.679,37.9,0,17.2,0.9446,0.0586,-0.321,1.3911,0.1095,1,0.1346,0.1422,23.6,23.5,4.4,0.8
PRJ-2020-028,Offshore Energy,2023-03-18,POFC,0.5281,0.112,3291.0,14.0,0.307,4.404,0.318,0.679,0.8015,0.9196,16.6,1,24.3,1.2477,-0.1985,-0.0804,1.3568,-0.0423,0,0.1569,0.1297,246.8,195.7,5.3,1.2
PRJ-2020-029,Heavy Mfg,2021-07-05,Manual,0.0514,0.65,6599.0,23.0,0.4,3.205,0.188,0.798,0.9612,0.9986,32.6,0,20.6,1.0404,-0.0388,-0.0014,1.0418,0.0419,0,0.1926,0.1762,476.3,465.0,5.5,1.0
PRJ-2020-030,Offshore Energy,2023-03-17,Manual,0.272,0.435,1364.3,36.0,0.122,2.243,0.419,0.604,0.894,0.7547,18.3,0,17.3,1.1186,-0.106,-0.2453,1.4823,0.1731,1,0.1574,0.163,58.1,57.8,6.0,1.0
PRJ-2020-031,Offshore Energy,2020-05-23,POFC,0.5855,0.086,6820.0,13.0,0.376,1.726,0.102,0.334,0.9103,0.8348,10.2,1,72.0,1.0985,-0.0897,-0.1652,1.3159,-0.0699,0,0.1372,0.1005,374.2,305.4,3.4,0.6
PRJ-2020-032,Heavy Mfg,2022-01-07,Manual,0.1679,0.25,630.9,10.0,0.409,3.781,0.107,0.788,0.971,0.826,34.8,0,47.6,1.0299,-0.029,-0.174,1.2468,0.0609,1,0.1611,0.1472,48.3,48.3,5.5,1.0
PRJ-2020-033,Offshore Energy,2022-03-21,POFC,0.7336,0.312,13681.6,42.0,0.424,2.33,0.087,0.406,0.7951,1.1028,14.7,1,47.2,1.2577,-0.2049,0.1028,1.1404,-0.1165,0,0.1862,0.1226,730.8,588.3,5.6,0.9
PRJ-2020-034,Offshore Energy,2021-03-02,POFC,0.5762,0.183,9419.9,42.0,0.331,2.958,0.215,0.617,1.0511,0.8577,9.3,1,45.8,0.9514,0.0511,-0.1423,1.1092,0.0126,0,0.06,0.04,635.2,524.4,5.4,1.1
PRJ-2020-035,Heavy Mfg,2021-09-15,POFC,0.5135,0.578,8914.8,26.0,0.296,2.153,0.575,0.884,0.8569,1.0815,11.8,1,24.0,1.167,-0.1431,0.0815,1.079,-0.0095,0,0.1192,0.0895,696.3,583.3,4.5,1.0
PRJ-2020-036,Shipbuilding,2020-12-09,Manual,0.1548,0.812,3529.9,29.0,0.369,3.052,0.342,0.821,1.0743,0.8645,38.5,0,37.1,0.9309,0.0743,-0.1355,1.0768,0.0067,0,0.1996,0.1764,180.4,177.0,4.3,0.9
PRJ-2020-037,Offshore Energy,2023-01-28,Manual,0.2719,0.45,9039.9,14.0,0.107,4.33,0.441,0.709,0.8723,0.9153,37.3,0,65.8,1.1464,-0.1277,-0.0847,1.2525,0.187,1,0.1665,0.1598,527.7,527.3,5.4,1.2
PRJ-2020-038,Shipbuilding,2021-07-05,Manual,0.4123,0.2,3012.2,12.0,0.157,2.886,0.575,0.621,0.9867,0.9398,34.7,0,38.0,1.0135,-0.0133,-0.0602,1.0784,0.203,1,0.1368,0.1401,190.8,189.7,5.3,0.9
PRJ-2020-039,Shipbuilding,2019-11-24,Manual,0.6603,0.222,12732.3,33.0,0.341,3.496,0.087,0.824,1.0799,0.694,43.5,0,22.4,0.926,0.0799,-0.306,1.3342,-0.0533,0,0.1172,0.1178,1071.6,1100.1,5.7,1.1
PRJ-2020-040,Heavy Mfg,2023-06-27,POFC,0.5505,0.157,14632.3,9.0,0.294,3.924,0.098,0.348,0.9724,0.9619,6.1,1,33.7,1.0284,-0.0276,-0.0381,1.0691,-0.0927,0,0.124,0.0756,616.5,522.1,3.9,0.7
PRJ-2020-041,Maritime Services,2023-10-06,Manual,0.2012,0.642,5767.5,37.0,0.136,3.595,0.229,0.873,0.8212,0.9397,45.4,0,64.0,1.2178,-0.1788,-0.0603,1.2959,0.151,1,0.1257,0.141,480.1,489.8,5.8,1.3
PRJ-2020-042,Offshore Energy,2023-08-31,Manual,0.2967,0.499,13624.9,34.0,0.246,2.948,0.433,0.878,0.9885,0.9798,42.1,0,62.1,1.0116,-0.0115,-0.0202,1.0325,0.1498,1,0.12,0.1262,624.9,643.1,4.7,1.0
PRJ-2020-043,Offshore Energy,2023-10-30,POFC,0.7915,0.466,13376.6,46.0,0.335,1.399,0.137,0.306,0.8738,0.8771,12.2,1,58.0,1.1444,-0.1262,-0.1229,1.3047,-0.0083,0,0.1226,0.0884,909.8,745.2,3.6,0.6
PRJ-2020-044,Offshore Energy,2021-09-09,Manual,0.2976,0.598,9038.3,56.0,0.394,2.078,0.347,0.395,0.9279,0.8135,42.9,0,51.6,1.0777,-0.0721,-0.1865,1.3247,0.0015,0,0.1354,0.139,582.4,566.9,5.3,1.1
PRJ-2020-045,Offshore Energy,2023-12-17,POFC,0.6334,0.155,10610.0,30.0,0.367,4.022,0.249,0.845,1.0337,0.7483,11.7,1,39.2,0.9674,0.0337,-0.2517,1.2927,0.0395,0,0.1547,0.1202,878.2,755.0,4.6,0.8
PRJ-2020-046,Heavy Mfg,2023-06-18,POFC,0.3079,0.204,4902.8,19.0,0.158,4.308,0.571,0.678,0.8305,0.944,8.8,1,46.8,1.2041,-0.1695,-0.056,1.2755,-0.0312,0,0.1499,0.1121,424.7,358.3,5.5,1.1
PRJ-2020-047,Offshore Energy,2019-06-19,Manual,0.289,0.36,9773.5,38.0,0.202,2.353,0.086,0.571,1.181,1.0353,19.7,0,47.6,0.8467,0.181,0.0353,0.8179,0.0494,0,0.1793,0.1882,464.3,473.1,5.1,1.1
PRJ-2020-048,Shipbuilding,2020-02-05,POFC,0.4646,0.23,5672.5,24.0,0.297,1.81,0.082,0.622,1.078,0.9329,12.7,1,38.3,0.9277,0.078,-0.0671,0.9944,-0.1129,0,0.2062,0.1448,328.8,283.0,6.7,1.4
PRJ-2020-049,Shipbuilding,2019-08-15,Manual,0.6665,0.068,10801.8,12.0,0.301,4.402,0.068,0.589,0.9591,0.8486,30.7,0,57.3,1.0426,-0.0409,-0.1514,1.2287,0.0814,1,0.1757,0.1936,556.0,554.2,4.7,0.8
PRJ-2020-050,Offshore Energy,2019-12-17,Manual,0.5585,0.515,12715.7,55.0,0.316,1.281,0.519,0.785,1.2,0.7337,43.7,0,52.4,0.8333,0.2,-0.2663,1.1358,0.2724,1,0.1692,0.1758,680.7,690.5,3.9,0.9
PRJ-2020-051,Shipbuilding,2022-12-21,POFC,0.2498,0.306,7337.6,40.0,0.218,3.386,0.428,0.391,0.9696,1.0158,12.7,1,51.5,1.0313,-0.0304,0.0158,1.0152,-0.0593,0,0.1728,0.1273,552.3,474.4,5.6,1.1
PRJ-2020-052,Offshore Energy,2023-01-12,Manual,0.4242,0.636,4523.7,33.0,0.406,1.767,0.343,0.473,1.005,0.8469,33.3,0,35.9,0.9951,0.005,-0.1531,1.1749,0.0241,0,0.1374,0.1282,395.4,391.1,3.0,0.7
PRJ-2020-053,Shipbuilding,2023-05-06,Manual,0.6802,0.296,11938.4,7.0,0.131,3.261,0.488,0.342,0.9623,0.856,30.9,1,47.3,1.0392,-0.0377,-0.144,1.2141,-0.0969,0,0.1473,0.1494,869.7,869.9,6.2,1.1
PRJ-2020-054,Maritime Services,2023-10-07,POFC,0.365,0.376,2486.3,58.0,0.34,2.478,0.445,0.282,1.0223,0.8832,12.4,1,10.0,0.9782,0.0223,-0.1168,1.1076,-0.1256,0,0.1448,0.1048,208.1,162.7,6.9,1.3
PRJ-2020-055,Shipbuilding,2023-12-11,Manual,0.3245,0.299,4916.0,6.0,0.273,2.695,0.144,0.279,1.0865,0.912,35.2,1,33.0,0.9204,0.0865,-0.088,1.0091,-0.0301,0,0.1379,0.1288,278.3,280.9,6.0,1.2
PRJ-2020-056,Heavy Mfg,2019-02-11,Manual,0.3204,0.696,8951.9,48.0,0.354,4.177,0.542,0.722,1.1205,1.0682,42.0,1,48.7,0.8925,0.1205,0.0682,0.8355,0.2387,1,0.2063,0.2086,591.4,573.4,5.5,1.0
PRJ-2020-057,Offshore Energy,2020-05-04,Manual,0.3106,0.425,8444.4,28.0,0.237,4.423,0.32,0.341,1.126,0.9514,35.4,1,13.1,0.8881,0.126,-0.0486,0.9335,0.0376,0,0.1331,0.1363,457.2,456.5,6.5,1.1
PRJ-2020-058,Shipbuilding,2021-11-22,POFC,0.1633,0.58,6013.9,6.0,0.216,1.926,0.276,0.874,1.0124,1.057,12.3,1,24.8,0.9878,0.0124,0.057,0.9346,-0.0403,0,0.1245,0.0994,333.7,272.5,5.9,1.1
PRJ-2020-059,Maritime Services,2021-12-19,Manual,0.3617,0.391,1552.3,34.0,0.156,2.016,0.565,0.533,1.0506,0.9175,38.3,1,18.0,0.9518,0.0506,-0.0825,1.0374,0.0359,0,0.1543,0.149,93.9,94.1,6.3,1.3
PRJ-2020-060,Offshore Energy,2021-05-20,Manual,0.6206,0.174,14832.8,19.0,0.102,3.4,0.296,0.771,1.0326,1.085,38.4,0,37.3,0.9684,0.0326,0.085,0.8925,0.029,0,0.1804,0.1629,1046.6,1060.4,3.6,0.6
PRJ-2020-061,Offshore Energy,2019-03-14,Manual,0.3233,0.47,4895.1,47.0,0.132,1.254,0.116,0.696,0.8957,0.7671,29.4,0,31.3,1.1164,-0.1043,-0.2329,1.4554,0.003,0,0.1151,0.0858,285.0,287.2,4.0,0.8
PRJ-2020-062,Shipbuilding,2019-01-19,POFC,0.3778,0.132,6420.7,29.0,0.106,2.571,0.312,0.463,1.1286,0.9592,17.5,1,64.1,0.886,0.1286,-0.0408,0.9237,-0.1617,0,0.1393,0.1005,435.9,367.1,4.1,0.9
PRJ-2020-063,Offshore Energy,2020-12-11,POFC,0.4488,0.357,1678.0,9.0,0.291,2.981,0.466,0.224,1.0085,1.0813,11.9,1,52.5,0.9916,0.0085,0.0813,0.917,-0.0151,0,0.1438,0.1154,135.5,120.9,4.2,0.8
PRJ-2020-064,Maritime Services,2023-04-12,Manual,0.5018,0.523,11451.8,45.0,0.208,4.154,0.53,0.507,0.8825,1.0213,25.8,0,46.3,1.1331,-0.1175,0.0213,1.1095,0.1742,1,0.1136,0.1235,761.0,749.2,4.8,1.1
PRJ-2020-065,Maritime Services,2023-05-11,POFC,0.4929,0.477,14635.9,42.0,0.273,1.734,0.436,0.381,0.9298,0.9,14.6,1,69.6,1.0755,-0.0702,-0.1,1.195,0.1374,1,0.1752,0.1181,799.6,682.5,4.6,1.0
PRJ-2020-066,Shipbuilding,2020-03-20,Manual,0.3005,0.672,3953.1,54.0,0.182,1.713,0.051,0.632,0.9093,0.8499,44.0,1,64.5,1.0997,-0.0907,-0.1501,1.294,0.0913,1,0.1489,0.1825,329.0,326.9,5.6,1.2
PRJ-2020-067,Heavy Mfg,2020-06-23,Manual,0.2355,0.707,4907.3,33.0,0.427,4.324,0.377,0.317,0.8726,1.0873,33.9,0,54.1,1.146,-0.1274,0.0873,1.054,0.1619,1,0.1058,0.1125,377.7,377.2,5.3,1.0
PRJ-2020-068,Heavy Mfg,2019-11-08,POFC,0.6011,0.24,712.2,53.0,0.389,4.065,0.285,0.571,0.7931,0.717,11.7,1,58.2,1.2609,-0.2069,-0.283,1.7585,-0.0522,0,0.1845,0.1228,63.3,53.8,6.5,1.2
PRJ-2020-069,Offshore Energy,2020-06-17,Manual,0.567,0.584,4888.0,35.0,0.134,3.029,0.216,0.297,0.7412,0.8615,33.4,0,27.6,1.3491,-0.2588,-0.1385,1.566,-0.0186,0,0.1822,0.1887,381.0,378.6,6.0,1.2
PRJ-2020-070,Heavy Mfg,2023-11-15,Manual,0.2887,0.237,1558.4,23.0,0.182,4.107,0.393,0.784,0.991,1.15,21.5,0,39.5,1.009,-0.009,0.15,0.8774,0.1268,1,0.1195,0.1228,93.0,93.9,5.2,0.9
PRJ-2020-071,Shipbuilding,2023-04-13,Manual,0.3082,0.566,14551.6,40.0,0.258,4.491,0.357,0.226,0.965,1.0507,12.8,0,30.4,1.0362,-0.035,0.0507,0.9862,-0.0023,0,0.1669,0.1699,703.2,684.5,4.7,0.9
PRJ-2020-072,Shipbuilding,2023-07-04,Manual,0.3969,0.674,13384.9,14.0,0.216,3.458,0.563,0.204,0.7532,0.9779,25.4,0,35.4,1.3277,-0.2468,-0.0221,1.3577,0.0092,0,0.1713,0.1711,1079.9,1105.0,4.6,1.0
PRJ-2020-073,Heavy Mfg,2020-05-26,Manual,0.2954,0.244,732.9,58.0,0.278,1.36,0.462,0.49,0.9135,1.0481,22.0,0,10.0,1.0946,-0.0865,0.0481,1.0444,0.0012,0,0.1512,0.1904,33.4,32.4,6.1,1.2
PRJ-2020-074,Offshore Energy,2023-04-23,Manual,0.7934,0.214,7973.5,50.0,0.344,3.735,0.378,0.677,0.8568,0.9874,49.0,1,60.5,1.1671,-0.1432,-0.0126,1.1821,0.0207,0,0.149,0.1539,554.9,553.3,5.3,1.1
PRJ-2020-075,Heavy Mfg,2022-05-28,Manual,0.2163,0.167,1372.8,17.0,0.441,3.877,0.443,0.505,0.8787,0.9453,23.1,0,39.0,1.1381,-0.1213,-0.0547,1.2039,-0.0715,0,0.1772,0.172,91.6,91.4,6.4,1.4
PRJ-2020-076,Offshore Energy,2020-03-16,Manual,0.6669,0.189,4035.6,51.0,0.308,3.049,0.344,0.349,0.901,0.6553,44.2,1,50.4,1.1099,-0.099,-0.3447,1.6938,0.0832,1,0.1554,0.1513,278.0,275.4,5.3,0.9
PRJ-2020-077,Shipbuilding,2021-06-08,POFC,0.4954,0.578,10032.8,16.0,0.118,4.314,0.533,0.211,1.0302,1.0277,11.8,1,43.4,0.9707,0.0302,0.0277,0.9445,-0.2332,0,0.1568,0.1171,635.9,561.5,5.2,1.0
PRJ-2020-078,Heavy Mfg,2023-02-12,POFC,0.3787,0.548,1683.3,44.0,0.232,3.846,0.064,0.656,1.1075,0.9962,10.4,1,24.9,0.9029,0.1075,-0.0038,0.9064,-0.0307,0,0.1564,0.1108,132.0,108.6,7.1,1.4
PRJ-2020-079,Shipbuilding,2023-03-01,POFC,0.1342,0.632,3157.6,22.0,0.222,3.528,0.595,0.436,1.0813,0.55,16.1,1,60.3,0.9248,0.0813,-0.45,1.6814,-0.0626,0,0.1537,0.0995,224.5,181.0,5.0,1.1
PRJ-2020-080,Shipbuilding,2019-11-03,Manual,0.5828,0.28,3475.0,46.0,0.333,2.686,0.17,0.734,0.7751,1.1054,38.9,0,26.0,1.2902,-0.2249,0.1054,1.1672,0.0398,0,0.1247,0.1296,277.0,278.7,6.5,1.4
PRJ-2020-081,Shipbuilding,2019-12-28,POFC,0.726,0.263,10857.1,48.0,0.151,3.505,0.068,0.27,0.9974,0.9214,11.5,1,73.4,1.0026,-0.0026,-0.0786,1.0881,-0.0267,0,0.1613,0.0986,932.1,785.5,6.3,1.4
PRJ-2020-082,Maritime Services,2019-05-14,Manual,0.4164,0.252,7995.4,12.0,0.115,1.364,0.338,0.601,0.8449,0.9342,34.3,0,27.7,1.1836,-0.1551,-0.0658,1.2669,0.2154,1,0.1442,0.1478,359.2,355.4,3.4,0.7
PRJ-2020-083,Offshore Energy,2021-05-01,POFC,0.189,0.843,1593.0,16.0,0.307,1.591,0.194,0.214,0.8359,0.9549,17.2,1,24.9,1.1963,-0.1641,-0.0451,1.2527,-0.091,0,0.1413,0.1006,119.3,99.3,3.9,0.8
PRJ-2020-084,Maritime Services,2019-07-04,Manual,0.1186,0.633,685.9,28.0,0.228,1.451,0.352,0.802,1.056,0.9844,42.1,0,49.0,0.947,0.056,-0.0156,0.962,0.0915,1,0.1784,0.1781,30.2,29.7,4.5,1.0
PRJ-2021-001,Shipbuilding,2021-09-05,Manual,0.2744,0.912,10526.6,59.0,0.328,1.776,0.598,0.471,1.0506,1.0475,51.5,0,41.4,0.9519,0.0506,0.0475,0.9087,0.053,1,0.1743,0.1829,478.2,509.5,6.3,1.4
PRJ-2021-002,Offshore Energy,2023-01-13,Manual,0.2478,0.641,6927.3,43.0,0.375,1.58,0.256,0.637,0.904,0.9547,37.3,0,71.8,1.1061,-0.096,-0.0453,1.1586,0.0483,0,0.1177,0.1165,288.7,290.5,4.8,0.7
PRJ-2021-003,Shipbuilding,2019-11-19,POFC,0.3675,0.123,4003.8,19.0,0.242,4.435,0.549,0.691,0.9798,0.7884,14.0,1,47.3,1.0206,-0.0202,-0.2116,1.2945,0.0196,0,0.156,0.1163,271.7,219.3,4.9,1.0
PRJ-2021-004,Heavy Mfg,2021-01-04,Manual,0.474,0.108,5248.9,28.0,0.405,3.188,0.507,0.733,1.2,1.15,28.0,0,60.9,0.8333,0.2,0.15,0.8,0.0911,1,0.1323,0.1204,378.9,375.2,4.5,0.9
PRJ-2021-005,Shipbuilding,2022-02-16,Manual,0.2899,0.519,5519.7,39.0,0.433,2.105,0.318,0.278,1.0082,1.15,27.7,0,42.7,0.9919,0.0082,0.15,0.8625,0.0793,1,0.1519,0.1549,223.0,223.4,4.1,0.9
PRJ-2021-006,Shipbuilding,2023-07-28,POFC,0.8042,0.232,11661.9,48.0,0.301,1.63,0.224,0.752,0.8601,0.9359,3.0,1,41.9,1.1626,-0.1399,-0.0641,1.2423,0.029,0,0.1378,0.0945,931.5,781.1,5.4,1.0
PRJ-2021-007,Heavy Mfg,2020-02-23,Manual,0.5,0.566,3608.8,16.0,0.323,4.196,0.294,0.658,0.823,0.9291,48.1,0,54.6,1.215,-0.177,-0.0709,1.3077,0.0738,1,0.1317,0.112,320.1,317.4,5.9,1.3
PRJ-2021-008,Offshore Energy,2019-07-26,Manual,0.3524,0.64,5902.4,43.0,0.29,4.431,0.433,0.719,0.9589,0.9594,48.1,1,58.1,1.0429,-0.0411,-0.0406,1.087,0.0923,1,0.2034,0.2095,261.0,249.4,5.0,1.0
PRJ-2021-009,Shipbuilding,2019-02-07,POFC,0.5682,0.115,5665.4,27.0,0.125,3.94,0.389,0.529,0.9797,1.0529,13.1,1,65.3,1.0207,-0.0203,0.0529,0.9694,0.0523,1,0.1403,0.1028,394.0,323.7,5.0,1.1
PRJ-2021-010,Offshore Energy,2020-07-16,Manual,0.2365,0.281,1511.6,24.0,0.407,3.718,0.422,0.469,0.908,1.038,25.7,1,61.5,1.1014,-0.092,0.038,1.061,-0.0032,0,0.1548,0.1638,101.6,102.3,4.6,1.1
PRJ-2021-011,Offshore Energy,2022-07-21,Manual,0.17,0.72,7212.4,57.0,0.296,4.18,0.523,0.595,1.0643,1.1258,39.5,0,28.0,0.9396,0.0643,0.1258,0.8346,0.2724,1,0.1565,0.1411,307.2,318.9,6.7,1.3
PRJ-2021-012,Shipbuilding,2019-12-31,Manual,0.3321,0.03,8054.9,16.0,0.188,2.467,0.107,0.424,1.0448,0.6043,28.4,0,60.2,0.9571,0.0448,-0.3957,1.584,0.0015,0,0.1436,0.1182,637.5,631.2,5.0,1.1
PRJ-2021-013,Heavy Mfg,2021-09-04,Manual,0.3135,0.255,1640.9,21.0,0.283,2.775,0.382,0.319,0.9309,0.8284,21.2,0,55.5,1.0742,-0.0691,-0.1716,1.2967,-0.1469,0,0.1525,0.1582,95.8,98.7,3.9,0.6
PRJ-2021-014,Offshore Energy,2022-12-16,Manual,0.4024,0.088,3207.9,18.0,0.427,4.169,0.097,0.7,1.0372,1.0164,48.8,1,34.0,0.9641,0.0372,0.0164,0.9486,-0.0011,0,0.1159,0.1215,258.9,251.7,5.6,1.1
PRJ-2021-015,Offshore Energy,2020-10-23,POFC,0.5363,0.51,11698.9,59.0,0.279,3.626,0.246,0.593,0.926,0.7908,15.6,1,53.4,1.0799,-0.074,-0.2092,1.3656,0.1071,1,0.1533,0.0938,530.8,443.5,5.6,1.2
PRJ-2021-016,Offshore Energy,2019-02-20,Manual,0.3241,0.587,11492.8,14.0,0.299,2.816,0.369,0.468,1.1314,0.6317,45.1,0,51.3,0.8838,0.1314,-0.3683,1.3991,0.0521,1,0.1784,0.1839,947.3,966.3,5.5,1.2
PRJ-2021-017,Heavy Mfg,2021-02-25,POFC,0.6631,0.304,11227.4,52.0,0.365,2.426,0.442,0.222,1.0339,0.8727,12.4,1,64.7,0.9672,0.0339,-0.1273,1.1084,-0.1487,0,0.1389,0.0734,525.1,438.8,6.4,1.1
PRJ-2021-018,Shipbuilding,2020-05-01,Manual,0.1081,0.669,8855.5,34.0,0.137,3.451,0.149,0.808,0.9784,1.0616,44.1,0,46.3,1.0221,-0.0216,0.0616,0.9627,0.0473,0,0.1639,0.1517,429.8,433.8,5.0,0.9
PRJ-2021-019,Heavy Mfg,2023-08-25,POFC,0.6328,0.343,8110.6,6.0,0.448,3.302,0.339,0.386,0.7348,1.15,9.8,1,16.7,1.3609,-0.2652,0.15,1.1834,-0.1228,0,0.195,0.1486,572.6,479.0,3.7,0.7
PRJ-2021-020,Maritime Services,2023-12-06,POFC,0.793,0.425,10344.8,37.0,0.351,2.484,0.051,0.564,1.0809,1.0909,16.7,1,15.3,0.9252,0.0809,0.0909,0.8481,0.0427,0,0.1125,0.0718,540.0,459.4,5.5,1.1
PRJ-2021-021,Heavy Mfg,2022-08-19,Manual,0.6513,0.44,7742.7,53.0,0.423,2.256,0.553,0.259,0.9755,0.8592,17.7,0,32.9,1.0251,-0.0245,-0.1408,1.1932,0.1655,1,0.1767,0.1977,612.3,611.2,4.7,1.1
PRJ-2021-022,Maritime Services,2020-09-27,Manual,0.2756,0.342,2081.5,29.0,0.313,3.614,0.524,0.711,1.0901,0.8198,44.4,1,28.9,0.9174,0.0901,-0.1802,1.119,0.1423,1,0.1218,0.1246,105.6,107.6,5.5,1.1
PRJ-2021-023,Shipbuilding,2021-07-19,POFC,0.8583,0.064,11920.9,50.0,0.378,3.776,0.487,0.321,0.9769,1.0399,11.5,1,44.1,1.0237,-0.0231,0.0399,0.9844,-0.0736,0,0.127,0.086,544.6,435.4,4.8,0.9
PRJ-2021-024,Shipbuilding,2023-01-09,POFC,0.6711,0.427,14910.7,31.0,0.323,3.158,0.583,0.637,1.1198,0.8713,5.1,1,39.5,0.893,0.1198,-0.1287,1.025,-0.1444,0,0.1606,0.1272,1036.2,878.0,5.3,0.9
PRJ-2021-025,Shipbuilding,2020-04-01,POFC,0.638,0.077,13818.5,10.0,0.435,3.129,0.404,0.221,0.9943,0.9083,9.9,1,40.8,1.0057,-0.0057,-0.0917,1.1073,0.0682,1,0.1648,0.1382,732.5,563.8,5.0,1.0
PRJ-2021-026,Heavy Mfg,2023-05-15,POFC,0.7183,0.31,7434.0,58.0,0.299,1.77,0.442,0.604,0.9925,1.0428,13.4,1,64.2,1.0076,-0.0075,0.0428,0.9662,-0.0452,0,0.0953,0.084,305.7,244.4,4.3,0.8
PRJ-2021-027,Shipbuilding,2020-10-17,Manual,0.5179,0.375,8406.2,21.0,0.217,1.405,0.369,0.478,0.7716,1.0624,50.6,0,54.5,1.2961,-0.2284,0.0624,1.2199,0.3797,1,0.1691,0.1473,627.7,625.0,5.0,1.1
PRJ-2021-028,Shipbuilding,2019-08-16,Manual,0.6042,0.239,10615.8,29.0,0.363,4.144,0.136,0.362,1.004,0.9073,41.3,0,21.1,0.996,0.004,-0.0927,1.0978,0.1483,1,0.1677,0.1632,592.0,599.6,2.8,0.5
PRJ-2021-029,Heavy Mfg,2022-12-13,Manual,0.2603,0.718,3844.1,58.0,0.396,3.168,0.426,0.548,1.0883,0.9239,44.4,0,74.9,0.9188,0.0883,-0.0761,0.9945,0.0663,1,0.1358,0.1261,166.2,159.0,4.6,1.0
PRJ-2021-030,Shipbuilding,2020-01-15,Manual,0.1668,0.779,4528.9,23.0,0.272,2.602,0.19,0.567,1.0772,1.0122,39.8,0,76.6,0.9283,0.0772,0.0122,0.9171,0.1142,1,0.1395,0.1602,364.1,383.2,5.5,1.0
PRJ-2021-031,Shipbuilding,2019-02-27,Manual,0.0878,0.448,3848.8,25.0,0.378,1.799,0.384,0.237,1.1484,1.0538,13.6,0,17.8,0.8708,0.1484,0.0538,0.8263,0.1794,1,0.1301,0.135,209.6,207.5,3.6,0.6
PRJ-2021-032,Shipbuilding,2020-03-24,Manual,0.2023,0.629,3125.0,13.0,0.36,1.872,0.3,0.362,0.8619,0.8311,38.4,1,54.7,1.1602,-0.1381,-0.1689,1.396,0.014,0,0.141,0.1235,223.4,224.6,5.5,1.0
PRJ-2021-033,Offshore Energy,2023-08-01,POFC,0.5599,0.595,8593.2,50.0,0.385,3.431,0.14,0.381,0.9267,0.8683,11.1,1,62.9,1.0791,-0.0733,-0.1317,1.2429,-0.0121,0,0.1551,0.1103,752.6,579.9,4.2,0.7
PRJ-2021-034,Shipbuilding,2022-08-11,Manual,0.5685,0.503,6845.9,42.0,0.312,3.766,0.235,0.602,1.0153,0.791,16.1,0,66.6,0.9849,0.0153,-0.209,1.2452,-0.003,0,0.11,0.1035,501.4,506.1,5.1,1.0
PRJ-2021-035,Heavy Mfg,2021-06-12,POFC,0.1349,0.433,6250.2,8.0,0.246,4.081,0.307,0.82,0.9424,0.7684,16.1,1,13.5,1.0611,-0.0576,-0.2316,1.381,0.0202,0,0.1487,0.0891,299.5,247.1,5.4,1.1
PRJ-2021-036,Shipbuilding,2020-07-10,POFC,0.3998,0.747,4826.0,45.0,0.414,3.878,0.327,0.384,0.8704,1.0288,18.5,1,43.1,1.1489,-0.1296,0.0288,1.1167,0.0658,1,0.152,0.1023,216.1,178.3,4.4,0.9
PRJ-2021-037,Heavy Mfg,2023-06-19,POFC,0.3984,0.34,913.9,10.0,0.373,3.561,0.555,0.791,0.7965,1.0383,17.4,1,39.2,1.2555,-0.2035,0.0383,1.2092,-0.0818,0,0.1756,0.137,64.6,50.7,5.8,1.1
PRJ-2021-038,Maritime Services,2022-09-04,POFC,0.3814,0.454,759.2,49.0,0.431,1.928,0.166,0.89,0.8646,0.8784,7.1,1,44.3,1.1565,-0.1354,-0.1216,1.3167,-0.0404,0,0.1433,0.1236,35.9,28.7,4.7,0.9
PRJ-2021-039,Heavy Mfg,2020-01-27,Manual,0.2421,0.512,9789.4,24.0,0.287,2.098,0.368,0.268,1.0836,0.9688,32.0,0,29.5,0.9229,0.0836,-0.0312,0.9526,-0.0865,0,0.1299,0.1437,486.3,455.0,4.3,0.8
PRJ-2021-040,Offshore Energy,2022-07-25,POFC,0.4244,0.095,10219.2,15.0,0.197,3.792,0.341,0.472,1.1238,1.0823,9.7,1,10.0,0.8899,0.1238,0.0823,0.8222,-0.0685,0,0.1657,0.1175,412.2,339.3,6.7,1.3
PRJ-2021-041,Maritime Services,2023-08-08,Manual,0.2221,0.834,9635.9,35.0,0.296,4.389,0.118,0.868,0.9308,1.15,47.3,0,31.9,1.0743,-0.0692,0.15,0.9342,0.1057,1,0.1059,0.1079,517.7,505.2,3.4,0.7
PRJ-2021-042,Shipbuilding,2020-08-13,Manual,0.194,0.491,1418.8,47.0,0.327,2.688,0.484,0.696,1.0312,1.0246,55.6,0,20.1,0.9698,0.0312,0.0246,0.9465,0.2616,1,0.1988,0.1918,106.6,108.9,4.3,1.0
PRJ-2021-043,Heavy Mfg,2019-09-11,Manual,0.5903,0.296,5206.6,22.0,0.166,2.276,0.587,0.571,0.73,1.15,39.0,0,40.2,1.3699,-0.27,0.15,1.1912,0.2371,1,0.1532,0.1508,355.1,346.5,4.3,0.8
PRJ-2021-044,Maritime Services,2022-10-08,Manual,0.3434,0.71,8135.6,31.0,0.247,3.047,0.316,0.245,1.0262,0.6816,30.0,0,42.2,0.9745,0.0262,-0.3184,1.4296,0.0316,0,0.1343,0.1468,584.3,602.4,4.5,1.0
PRJ-2021-045,Shipbuilding,2019-08-21,Manual,0.5107,0.159,6317.4,46.0,0.14,3.62,0.32,0.773,1.0398,0.9988,31.2,0,37.6,0.9617,0.0398,-0.0012,0.9628,-0.0286,0,0.1874,0.1615,336.9,328.0,5.7,1.2
PRJ-2021-046,Heavy Mfg,2023-05-15,POFC,0.5353,0.096,5409.0,9.0,0.405,3.846,0.122,0.227,0.8825,1.1208,9.2,1,29.9,1.1331,-0.1175,0.1208,1.011,0.0184,0,0.1868,0.1282,326.5,274.2,5.6,1.1
PRJ-2021-047,Shipbuilding,2023-03-12,POFC,0.3759,0.394,14577.1,11.0,0.413,3.596,0.455,0.578,1.0538,1.0515,16.4,1,50.4,0.949,0.0538,0.0515,0.9025,-0.0299,0,0.139,0.1196,901.4,762.3,4.5,1.0
PRJ-2021-048,Shipbuilding,2021-03-16,Manual,0.5669,0.133,6118.2,49.0,0.276,2.972,0.477,0.266,1.0846,1.0948,33.8,0,42.2,0.922,0.0846,0.0948,0.8422,0.1631,1,0.1419,0.1416,394.0,388.0,5.8,1.1
PRJ-2021-049,Shipbuilding,2023-08-22,POFC,0.4814,0.442,12279.8,34.0,0.374,2.346,0.364,0.534,1.1741,1.0,9.8,1,23.2,0.8517,0.1741,-0.0,0.8518,0.0131,0,0.0905,0.0448,995.5,806.5,5.6,1.0
PRJ-2021-050,Maritime Services,2021-03-12,POFC,0.4386,0.469,7439.5,40.0,0.409,4.34,0.265,0.477,1.032,0.8077,9.5,1,61.9,0.969,0.032,-0.1923,1.1997,-0.0815,0,0.1333,0.1009,657.6,571.4,5.4,1.1
PRJ-2021-051,Heavy Mfg,2022-06-12,POFC,0.823,0.143,12581.0,56.0,0.128,2.927,0.485,0.604,0.8924,0.9479,5.3,1,44.0,1.1206,-0.1076,-0.0521,1.1822,-0.0525,0,0.1579,0.1091,733.9,600.9,4.6,0.8
PRJ-2021-052,Heavy Mfg,2021-11-30,Manual,0.1148,0.611,3747.3,17.0,0.183,2.892,0.148,0.442,1.1325,1.0654,15.5,0,64.0,0.883,0.1325,0.0654,0.8287,0.1078,1,0.1689,0.1483,185.0,171.8,4.7,1.2
PRJ-2021-053,Heavy Mfg,2022-01-24,Manual,0.0501,0.563,1274.8,30.0,0.25,2.771,0.437,0.785,1.2,1.0022,35.1,1,34.3,0.8333,0.2,0.0022,0.8315,-0.0818,0,0.1485,0.1388,80.1,76.5,4.0,0.8
PRJ-2021-054,Shipbuilding,2019-07-27,POFC,0.7667,0.337,6203.5,18.0,0.184,3.541,0.399,0.503,0.6211,0.937,5.3,1,75.7,1.61,-0.3789,-0.063,1.7183,-0.0903,0,0.166,0.1204,259.1,215.6,5.9,1.2
PRJ-2021-055,Offshore Energy,2022-10-12,POFC,0.5586,0.289,12220.2,41.0,0.307,2.206,0.053,0.286,1.1049,1.0635,11.5,1,37.0,0.9051,0.1049,0.0635,0.8511,-0.1097,0,0.1232,0.089,1016.6,812.8,5.7,1.1
PRJ-2021-056,Shipbuilding,2022-06-30,POFC,0.1812,0.808,8568.0,31.0,0.441,1.994,0.546,0.853,0.8961,0.9581,9.1,1,32.5,1.116,-0.1039,-0.0419,1.1648,-0.0474,0,0.1026,0.069,561.2,458.9,5.3,1.0
PRJ-2021-057,Shipbuilding,2022-03-03,Manual,0.1993,0.372,7432.1,21.0,0.142,4.463,0.103,0.601,1.0311,1.0803,51.9,0,56.9,0.9698,0.0311,0.0803,0.8978,0.1327,1,0.1621,0.1636,433.4,440.3,3.7,0.7
PRJ-2021-058,Heavy Mfg,2022-06-11,POFC,0.4053,0.111,13866.8,31.0,0.187,3.495,0.384,0.334,1.1357,1.0188,9.1,1,27.4,0.8805,0.1357,0.0188,0.8643,0.004,0,0.1732,0.1327,717.1,587.7,4.0,0.8
PRJ-2021-059,Offshore Energy,2019-04-09,POFC,0.2409,0.92,7287.4,55.0,0.249,2.658,0.175,0.469,0.9541,1.097,12.0,1,47.0,1.0481,-0.0459,0.097,0.9555,-0.0653,0,0.2183,0.1657,622.1,512.6,4.7,0.8
PRJ-2021-060,Maritime Services,2019-11-13,POFC,0.5092,0.656,12489.2,54.0,0.152,2.294,0.389,0.64,0.8782,1.15,14.6,1,66.6,1.1387,-0.1218,0.15,0.9902,0.0695,1,0.1546,0.1089,755.5,616.0,6.6,1.4
PRJ-2021-061,Shipbuilding,2022-10-08,POFC,0.6143,0.38,1902.8,39.0,0.294,1.979,0.47,0.885,0.9209,0.9962,3.1,1,24.1,1.0859,-0.0791,-0.0038,1.0901,-0.0026,0,0.1601,0.1169,81.9,68.0,3.4,0.8
PRJ-2021-062,Offshore Energy,2023-02-16,Manual,0.4387,0.56,11517.0,40.0,0.427,4.427,0.095,0.544,0.9942,1.0798,46.8,1,91.0,1.0059,-0.0058,0.0798,0.9315,0.1549,1,0.1,0.1105,792.4,799.9,6.4,1.3
PRJ-2021-063,Heavy Mfg,2023-08-22,Manual,0.3282,0.349,3002.7,50.0,0.377,1.354,0.452,0.409,1.089,0.8269,44.8,0,59.6,0.9183,0.089,-0.1731,1.1105,0.157,1,0.1507,0.1521,266.7,274.1,6.9,1.3
PRJ-2021-064,Offshore Energy,2023-03-23,Manual,0.3675,0.401,5909.5,49.0,0.33,4.126,0.129,0.79,1.0761,0.8924,38.2,0,33.7,0.9293,0.0761,-0.1076,1.0414,-0.0003,0,0.1406,0.1639,396.9,404.8,6.1,1.0
PRJ-2021-065,Offshore Energy,2020-08-16,POFC,0.5979,0.333,12481.2,16.0,0.436,4.363,0.399,0.525,1.0235,0.7929,12.0,1,19.6,0.9771,0.0235,-0.2071,1.2323,0.0442,0,0.1429,0.1047,852.2,697.2,5.2,1.0
PRJ-2021-066,Maritime Services,2019-05-24,Manual,0.431,0.34,5804.1,29.0,0.204,3.635,0.175,0.837,1.1123,1.1164,23.9,0,44.6,0.899,0.1123,0.1164,0.8053,-0.0206,0,0.179,0.1766,423.9,432.1,4.6,0.9
PRJ-2021-067,Shipbuilding,2023-10-06,Manual,0.5988,0.331,1177.3,49.0,0.315,1.671,0.397,0.688,0.7746,0.8473,31.8,1,35.5,1.291,-0.2254,-0.1527,1.5237,-0.088,0,0.1782,0.1841,103.1,107.5,5.8,1.1
PRJ-2021-068,Shipbuilding,2020-12-19,POFC,0.3182,0.47,4256.3,46.0,0.206,1.984,0.54,0.693,0.8353,1.15,15.6,1,53.3,1.1972,-0.1647,0.15,1.0411,-0.0955,0,0.1766,0.119,362.2,317.0,5.4,1.2
PRJ-2021-069,Heavy Mfg,2023-03-03,Manual,0.643,0.378,10949.2,28.0,0.247,2.043,0.052,0.648,0.9194,1.15,36.4,0,45.4,1.0876,-0.0806,0.15,0.9458,0.1589,1,0.1498,0.1453,548.1,548.2,4.2,0.7
PRJ-2021-070,Heavy Mfg,2019-12-01,Manual,0.5097,0.183,7767.0,42.0,0.375,2.478,0.179,0.557,0.9692,0.6304,39.5,1,67.4,1.0318,-0.0308,-0.3696,1.6368,0.063,1,0.1173,0.0936,444.1,466.5,5.4,1.0
PRJ-2021-071,Heavy Mfg,2020-01-10,Manual,0.1646,0.95,6274.1,46.0,0.21,3.561,0.491,0.232,1.0769,0.7843,26.0,0,71.5,0.9286,0.0769,-0.2157,1.184,0.0311,0,0.1651,0.1786,263.1,264.8,6.1,1.3
PRJ-2021-072,Offshore Energy,2022-09-25,POFC,0.7239,0.302,14284.6,39.0,0.261,3.957,0.381,0.626,0.8987,1.05,12.5,1,32.8,1.1127,-0.1013,0.05,1.0597,-0.016,0,0.1581,0.1097,802.5,630.1,4.3,0.7
PRJ-2021-073,Shipbuilding,2023-03-20,Manual,0.3596,0.563,10079.3,40.0,0.392,3.211,0.59,0.688,1.1554,0.7377,41.1,0,48.7,0.8655,0.1554,-0.2623,1.1732,0.175,1,0.1623,0.1713,897.2,905.9,6.4,1.3
PRJ-2021-074,Shipbuilding,2023-04-01,Manual,0.045,0.806,5052.0,9.0,0.342,3.607,0.293,0.586,1.0301,0.869,47.3,0,36.2,0.9708,0.0301,-0.131,1.1172,-0.0501,0,0.1804,0.1708,447.0,448.6,7.0,1.5
PRJ-2021-075,Shipbuilding,2021-04-17,POFC,0.6281,0.117,12021.9,20.0,0.219,2.393,0.54,0.561,0.7359,1.0887,6.5,1,60.0,1.3589,-0.2641,0.0887,1.2482,0.0515,1,0.2511,0.1597,560.9,468.5,6.5,1.3
PRJ-2021-076,Maritime Services,2022-10-11,POFC,0.4306,0.611,12006.1,57.0,0.148,1.847,0.205,0.489,0.9794,1.15,9.5,1,48.3,1.021,-0.0206,0.15,0.8878,-0.0566,0,0.1735,0.1192,914.9,800.3,4.6,1.1
PRJ-2021-077,Shipbuilding,2019-10-31,POFC,0.4535,0.284,4829.8,58.0,0.19,2.72,0.211,0.713,0.948,0.8567,17.3,1,40.8,1.0549,-0.052,-0.1433,1.2313,0.0088,0,0.101,0.0591,424.8,353.1,5.8,1.1
PRJ-2021-078,Shipbuilding,2023-01-10,Manual,0.3232,0.515,9522.8,43.0,0.349,4.192,0.324,0.448,1.0238,0.9606,44.1,0,36.1,0.9768,0.0238,-0.0394,1.0168,0.2037,1,0.1423,0.1484,740.8,736.2,4.6,1.0
PRJ-2021-079,Offshore Energy,2022-09-23,POFC,0.58,0.423,12548.4,30.0,0.368,3.741,0.374,0.346,0.8915,0.9085,18.7,1,48.4,1.1217,-0.1085,-0.0915,1.2346,-0.0143,0,0.0992,0.0822,1115.1,872.4,6.5,1.2
PRJ-2021-080,Shipbuilding,2020-04-22,Manual,0.4038,0.364,8458.9,12.0,0.229,3.064,0.145,0.458,1.1449,0.9221,40.1,0,30.7,0.8734,0.1449,-0.0779,0.9473,0.0259,0,0.099,0.0903,414.1,428.5,4.0,0.7
PRJ-2021-081,Shipbuilding,2022-03-18,POFC,0.4851,0.184,8144.3,21.0,0.227,2.25,0.166,0.454,0.949,1.0263,4.9,1,54.8,1.0537,-0.051,0.0263,1.0268,-0.0529,0,0.1301,0.0851,512.6,405.0,5.9,1.2
PRJ-2021-082,Maritime Services,2021-06-29,Manual,0.9118,0.144,12843.6,38.0,0.206,2.062,0.518,0.769,0.8936,1.0476,42.2,0,50.3,1.1191,-0.1064,0.0476,1.0682,0.0613,1,0.1822,0.1992,641.3,638.9,3.9,0.7
PRJ-2021-083,Offshore Energy,2022-07-15,POFC,0.7539,0.352,9133.7,52.0,0.253,3.482,0.17,0.857,1.0171,0.6965,10.8,1,13.4,0.9832,0.0171,-0.3035,1.4116,-0.0944,0,0.1264,0.0923,535.8,445.0,6.2,1.2
PRJ-2021-084,Maritime Services,2021-09-03,POFC,0.6907,0.471,13048.6,26.0,0.331,1.536,0.398,0.533,0.8395,0.7649,17.8,1,40.6,1.1911,-0.1605,-0.2351,1.5573,0.2317,1,0.1427,0.1077,790.4,615.0,5.2,1.0
PRJ-2022-001,Offshore Energy,2022-09-02,POFC,0.7019,0.225,12171.6,46.0,0.334,3.771,0.427,0.828,1.0682,0.9597,5.5,1,68.4,0.9362,0.0682,-0.0403,0.9755,-0.0906,0,0.1733,0.1218,974.4,817.8,6.7,1.4
PRJ-2022-002,Offshore Energy,2021-11-08,POFC,0.7424,0.187,10930.0,41.0,0.437,3.482,0.535,0.544,1.0137,0.9468,16.2,1,33.3,0.9865,0.0137,-0.0532,1.0419,0.04,0,0.1933,0.1322,572.3,467.0,5.0,0.8
PRJ-2022-003,Heavy Mfg,2023-04-06,Manual,0.5549,0.352,10860.3,13.0,0.213,2.234,0.371,0.537,1.0828,0.8721,28.1,0,64.0,0.9235,0.0828,-0.1279,1.0589,0.017,0,0.1249,0.1313,518.5,529.3,5.3,1.1
PRJ-2022-004,Shipbuilding,2020-08-28,Manual,0.2626,0.605,5259.7,48.0,0.418,2.553,0.149,0.247,1.1068,0.9985,49.2,0,32.7,0.9035,0.1068,-0.0015,0.9049,0.0664,1,0.2336,0.24,243.3,239.9,6.9,1.3
PRJ-2022-005,Heavy Mfg,2021-07-23,POFC,0.4852,0.348,11322.4,58.0,0.108,1.269,0.291,0.527,1.0719,0.9619,8.0,1,55.9,0.9329,0.0719,-0.0381,0.9698,0.0491,0,0.135,0.09,521.3,430.6,3.9,0.7
PRJ-2022-006,Offshore Energy,2021-10-04,Manual,0.3683,0.604,6297.6,17.0,0.222,4.407,0.431,0.735,0.864,1.0933,45.6,0,38.9,1.1575,-0.136,0.0933,1.0587,0.1065,1,0.1487,0.1393,388.7,404.5,4.6,0.8
PRJ-2022-007,Shipbuilding,2023-11-05,POFC,0.6126,0.195,8623.1,20.0,0.304,3.376,0.427,0.635,1.0006,0.9339,5.7,1,51.3,0.9994,0.0006,-0.0661,1.0702,-0.1098,0,0.2035,0.1399,392.1,345.3,6.2,1.1
PRJ-2022-008,Heavy Mfg,2019-10-23,Manual,0.2519,0.176,3736.2,24.0,0.127,4.106,0.155,0.807,1.1646,0.9575,18.6,0,44.4,0.8587,0.1646,-0.0425,0.8968,0.0458,0,0.1677,0.1679,253.4,259.4,5.5,1.1
PRJ-2022-009,Offshore Energy,2023-06-20,Manual,0.1676,0.357,5621.5,7.0,0.242,3.525,0.303,0.876,1.2,0.9601,28.3,0,34.2,0.8333,0.2,-0.0399,0.8679,-0.0204,0,0.2219,0.2062,256.8,248.6,5.0,0.9
PRJ-2022-010,Offshore Energy,2022-07-27,Manual,0.5726,0.219,11239.6,39.0,0.278,2.56,0.498,0.294,1.2,1.0654,38.1,1,42.4,0.8333,0.2,0.0654,0.8,0.1021,1,0.1339,0.1175,670.5,667.8,5.0,1.0
PRJ-2022-011,Maritime Services,2023-05-14,POFC,0.5552,0.446,12000.2,38.0,0.217,1.531,0.147,0.619,0.9262,1.0133,9.7,1,39.5,1.0797,-0.0738,0.0133,1.0656,-0.0139,0,0.1605,0.1128,796.1,631.7,4.2,0.9
PRJ-2022-012,Heavy Mfg,2020-02-23,Manual,0.3207,0.458,9970.6,25.0,0.329,2.76,0.342,0.615,1.1007,0.9849,45.6,0,54.7,0.9085,0.1007,-0.0151,0.9224,0.1419,1,0.1265,0.1238,787.5,808.0,7.1,1.4
PRJ-2022-013,Offshore Energy,2023-11-19,Manual,0.362,0.62,13662.4,48.0,0.249,3.477,0.473,0.641,1.043,1.15,38.6,0,10.0,0.9588,0.043,0.15,0.8337,0.1133,1,0.1333,0.1314,1105.9,1104.3,4.7,1.0
PRJ-2022-014,Maritime Services,2020-08-23,POFC,0.4645,0.274,8542.9,27.0,0.251,3.325,0.497,0.467,1.2,1.0418,9.0,1,20.5,0.8333,0.2,0.0418,0.8,-0.2473,0,0.1558,0.1123,660.5,562.8,6.6,1.2
PRJ-2022-015,Heavy Mfg,2021-06-07,Manual,0.3616,0.574,2054.2,28.0,0.273,2.223,0.581,0.709,0.9785,0.881,52.2,0,35.6,1.022,-0.0215,-0.119,1.16,0.1019,1,0.139,0.1355,147.4,147.5,4.6,0.8
PRJ-2022-016,Shipbuilding,2019-06-26,Manual,0.4045,0.736,14262.1,59.0,0.168,3.9,0.178,0.56,0.71,0.7195,34.8,0,46.7,1.4085,-0.29,-0.2805,1.9577,-0.0503,0,0.2445,0.2369,1074.1,1084.2,8.0,1.4
PRJ-2022-017,Heavy Mfg,2019-12-21,Manual,0.7213,0.465,6263.3,47.0,0.131,1.937,0.366,0.877,1.1285,0.9954,25.3,0,54.5,0.8861,0.1285,-0.0046,0.8902,-0.0768,0,0.1386,0.1406,557.1,562.0,4.4,0.8
PRJ-2022-018,Heavy Mfg,2019-11-23,POFC,0.3308,0.804,10838.2,57.0,0.186,2.163,0.592,0.483,1.1135,0.9396,14.8,1,65.7,0.8981,0.1135,-0.0604,0.9558,-0.0108,0,0.1221,0.0868,682.4,601.0,4.6,1.0
PRJ-2022-019,Heavy Mfg,2020-12-13,Manual,0.1413,0.638,2224.9,9.0,0.218,2.445,0.347,0.859,0.7043,1.15,34.6,0,17.9,1.4198,-0.2957,0.15,1.2346,0.1587,1,0.1765,0.1844,123.3,125.7,5.4,1.1
PRJ-2022-020,Offshore Energy,2019-04-28,Manual,0.2783,0.828,9778.6,36.0,0.345,3.215,0.141,0.588,0.9174,0.7792,47.9,0,71.6,1.09,-0.0826,-0.2208,1.399,0.1672,1,0.1068,0.1203,701.1,703.5,6.2,1.2
PRJ-2022-021,Offshore Energy,2023-01-02,POFC,0.1326,0.483,7191.4,27.0,0.36,2.551,0.095,0.789,1.1066,1.0581,14.2,1,22.7,0.9037,0.1066,0.0581,0.8541,0.0428,0,0.1997,0.152,494.8,437.6,5.0,1.1
PRJ-2022-022,Offshore Energy,2020-08-13,Manual,0.3123,0.37,1575.6,59.0,0.166,3.646,0.317,0.513,1.0691,0.8382,45.8,1,39.5,0.9353,0.0691,-0.1618,1.1159,0.2159,1,0.1187,0.1177,96.8,99.2,4.3,0.9
PRJ-2022-023,Maritime Services,2023-06-02,Manual,0.5349,0.381,4759.5,49.0,0.14,3.613,0.537,0.899,0.8537,1.002,36.1,0,56.5,1.1714,-0.1463,0.002,1.169,0.0859,1,0.1974,0.1875,366.1,344.5,5.8,1.2
PRJ-2022-024,Shipbuilding,2019-07-17,POFC,0.4152,0.156,7681.9,42.0,0.426,2.597,0.346,0.731,1.0003,0.9439,14.5,1,83.0,0.9997,0.0003,-0.0561,1.0591,-0.0909,0,0.1811,0.1401,433.2,356.9,5.7,1.0
PRJ-2022-025,Offshore Energy,2023-11-09,Manual,0.4831,0.349,8933.4,19.0,0.353,1.544,0.086,0.712,0.9524,1.0993,29.3,0,39.9,1.05,-0.0476,0.0993,0.9552,0.1086,1,0.1366,0.1305,365.9,377.8,6.8,1.3
PRJ-2022-026,Shipbuilding,2021-09-02,Manual,0.1703,0.683,5608.8,36.0,0.218,3.91,0.127,0.669,0.8262,1.15,29.4,0,41.9,1.2104,-0.1738,0.15,1.0525,0.1992,1,0.187,0.1753,294.2,309.2,4.8,0.9
PRJ-2022-027,Offshore Energy,2020-02-21,POFC,0.4362,0.299,1070.9,25.0,0.122,4.392,0.436,0.53,0.9359,1.0566,8.4,1,50.4,1.0685,-0.0641,0.0566,1.0113,-0.1784,0,0.1291,0.0765,61.2,50.2,6.3,1.2
PRJ-2022-028,Shipbuilding,2022-05-30,Manual,0.1714,0.389,9903.5,23.0,0.226,3.867,0.298,0.292,1.0862,0.8449,29.5,0,57.4,0.9207,0.0862,-0.1551,1.0897,-0.0154,0,0.0703,0.0718,801.8,843.6,3.4,0.8
PRJ-2022-029,Shipbuilding,2022-11-02,POFC,0.6022,0.504,11327.2,12.0,0.243,2.803,0.343,0.317,0.849,0.8537,4.0,1,33.1,1.1778,-0.151,-0.1463,1.3797,-0.0956,0,0.1716,0.1189,564.5,437.5,5.6,1.0
PRJ-2022-030,Shipbuilding,2023-10-21,Manual,0.4015,0.442,1873.2,20.0,0.378,2.757,0.055,0.671,0.9801,0.9699,42.8,0,64.5,1.0203,-0.0199,-0.0301,1.0519,0.0593,1,0.0955,0.0945,104.6,102.9,5.4,1.2
PRJ-2022-031,Offshore Energy,2023-01-15,Manual,0.2723,0.674,2882.4,37.0,0.437,4.305,0.237,0.218,0.7752,0.8417,30.4,0,15.8,1.2899,-0.2248,-0.1583,1.5325,0.1832,1,0.1079,0.1096,150.8,153.9,5.8,1.1
PRJ-2022-032,Heavy Mfg,2022-10-09,POFC,0.6371,0.103,7813.9,39.0,0.228,3.892,0.274,0.399,0.9312,1.0555,15.6,1,52.9,1.0739,-0.0688,0.0555,1.0174,-0.0213,0,0.1953,0.1353,444.2,367.4,5.0,1.1
PRJ-2022-033,Shipbuilding,2021-08-07,Manual,0.4723,0.249,6253.3,10.0,0.372,3.711,0.293,0.633,1.0219,1.0255,40.3,0,48.4,0.9785,0.0219,0.0255,0.9542,-0.0498,0,0.1081,0.1058,419.8,406.7,5.0,1.1
PRJ-2022-034,Shipbuilding,2019-03-25,Manual,0.5485,0.282,13961.7,22.0,0.277,1.679,0.329,0.283,0.9911,1.15,37.4,0,46.7,1.009,-0.0089,0.15,0.8774,0.0547,1,0.1123,0.1248,791.7,787.5,5.3,1.2
PRJ-2022-035,Shipbuilding,2021-11-12,POFC,0.1789,0.607,8134.2,39.0,0.242,2.532,0.541,0.279,0.8839,1.076,7.7,1,72.6,1.1313,-0.1161,0.076,1.0514,0.0104,0,0.1356,0.0935,697.2,561.9,5.1,0.9
PRJ-2022-036,Shipbuilding,2020-10-10,Manual,0.6523,0.642,10172.3,36.0,0.126,2.681,0.082,0.65,0.8726,1.1069,28.0,1,50.0,1.146,-0.1274,0.1069,1.0353,0.1562,1,0.1625,0.1629,428.6,413.9,6.2,1.3
PRJ-2022-037,Offshore Energy,2022-10-03,Manual,0.3181,0.184,3835.3,21.0,0.376,2.376,0.141,0.749,0.9777,0.9839,37.9,0,44.0,1.0228,-0.0223,-0.0161,1.0396,0.0162,0,0.1953,0.1779,256.2,261.0,5.9,1.1
PRJ-2022-038,Heavy Mfg,2020-03-09,POFC,0.5702,0.164,595.6,50.0,0.413,2.143,0.565,0.724,0.8782,0.7869,11.3,1,65.4,1.1387,-0.1218,-0.2131,1.447,-0.0171,0,0.1269,0.0929,26.3,21.7,4.8,1.1
PRJ-2022-039,Maritime Services,2021-04-27,Manual,0.1856,0.762,9883.0,59.0,0.369,2.755,0.443,0.734,1.0379,0.9467,42.5,0,70.0,0.9635,0.0379,-0.0533,1.0177,0.0638,1,0.1447,0.1533,686.1,689.1,4.3,0.9
PRJ-2022-040,Offshore Energy,2022-02-18,Manual,0.3358,0.55,5321.0,59.0,0.245,2.376,0.541,0.252,1.0947,1.0422,23.4,0,48.5,0.9135,0.0947,0.0422,0.8765,0.2042,1,0.1362,0.1401,340.6,333.2,5.3,0.8
PRJ-2022-041,Heavy Mfg,2019-08-20,Manual,0.5874,0.346,4958.8,43.0,0.12,4.074,0.391,0.204,1.0001,0.9201,35.3,0,46.2,0.9999,0.0001,-0.0799,1.0868,0.0152,0,0.1405,0.148,342.7,349.5,4.2,0.8
PRJ-2022-042,Shipbuilding,2023-02-19,Manual,0.5199,0.265,8078.3,33.0,0.326,4.318,0.27,0.693,1.1365,0.9915,11.9,1,29.3,0.8799,0.1365,-0.0085,0.8874,-0.1034,0,0.1256,0.1187,415.4,406.0,4.1,0.9
PRJ-2022-043,Offshore Energy,2023-10-05,POFC,0.5456,0.289,7986.1,42.0,0.234,1.946,0.134,0.666,0.8891,1.1316,12.9,1,47.7,1.1248,-0.1109,0.1316,0.994,0.1579,1,0.1325,0.0793,658.9,559.3,4.8,1.0
PRJ-2022-044,Shipbuilding,2023-06-21,Manual,0.3247,0.313,11928.0,7.0,0.382,3.346,0.498,0.332,0.8663,1.1061,38.3,0,57.7,1.1543,-0.1337,0.1061,1.0436,0.0495,0,0.1624,0.1698,979.2,1000.0,4.7,0.9
PRJ-2022-045,Offshore Energy,2020-04-30,POFC,0.6928,0.268,6703.8,52.0,0.322,3.295,0.312,0.427,0.8175,1.0827,7.6,1,45.7,1.2232,-0.1825,0.0827,1.1297,0.0315,0,0.1071,0.0659,533.1,464.4,3.9,0.7
PRJ-2022-046,Heavy Mfg,2020-12-13,Manual,0.3891,0.582,5424.7,22.0,0.437,2.0,0.144,0.258,0.7492,0.8892,45.4,1,19.4,1.3347,-0.2508,-0.1108,1.5011,0.1579,1,0.1432,0.1428,255.3,262.9,6.0,1.3
PRJ-2022-047,Shipbuilding,2020-10-23,Manual,0.3528,0.589,10646.2,28.0,0.35,3.285,0.346,0.222,0.9356,0.7588,38.8,1,31.3,1.0688,-0.0644,-0.2412,1.4086,0.0147,0,0.1145,0.1306,698.2,688.4,5.0,1.0
PRJ-2022-048,Offshore Energy,2021-04-17,Manual,0.2503,0.273,7978.4,9.0,0.371,1.376,0.406,0.567,1.1794,0.9872,40.0,0,22.2,0.8479,0.1794,-0.0128,0.8588,0.1343,1,0.0888,0.0888,494.8,497.3,6.4,1.3
PRJ-2022-049,Shipbuilding,2023-09-30,Manual,0.1244,0.534,5045.7,30.0,0.36,4.29,0.245,0.507,0.9839,1.15,40.3,1,57.5,1.0164,-0.0161,0.15,0.8838,0.0405,0,0.162,0.1745,420.1,428.5,5.4,0.9
PRJ-2022-050,Heavy Mfg,2020-12-04,Manual,0.3469,0.5,7462.4,45.0,0.116,1.824,0.47,0.383,0.9283,0.839,31.4,0,52.4,1.0772,-0.0717,-0.161,1.2839,0.1895,1,0.1406,0.1055,494.4,493.2,4.4,1.1
PRJ-2022-051,Offshore Energy,2020-06-24,Manual,0.6876,0.168,12406.7,19.0,0.179,1.236,0.398,0.549,0.8814,0.8262,44.0,0,22.0,1.1346,-0.1186,-0.1738,1.3733,0.152,1,0.1212,0.1211,996.0,958.9,5.5,1.0
PRJ-2022-052,Offshore Energy,2023-01-16,Manual,0.1434,0.506,2276.8,11.0,0.262,4.028,0.352,0.545,1.0543,0.9005,35.0,1,68.5,0.9485,0.0543,-0.0995,1.0534,0.0102,0,0.1976,0.2045,187.4,185.9,4.8,0.9
PRJ-2022-053,Offshore Energy,2022-12-08,Manual,0.175,0.409,1001.7,26.0,0.296,3.61,0.168,0.599,0.9275,0.8354,54.1,0,52.0,1.0781,-0.0725,-0.1646,1.2905,0.0807,1,0.1214,0.144,72.5,74.0,4.9,1.1
PRJ-2022-054,Offshore Energy,2022-05-21,POFC,0.507,0.505,8828.5,8.0,0.368,2.864,0.098,0.896,0.8815,0.7983,10.1,1,43.9,1.1344,-0.1185,-0.2017,1.4211,0.013,0,0.1384,0.1033,395.0,324.0,5.0,0.9
PRJ-2022-055,Offshore Energy,2019-12-09,POFC,0.7356,0.174,12310.8,45.0,0.245,1.631,0.467,0.84,0.8993,0.6578,13.5,1,20.6,1.112,-0.1007,-0.3422,1.6905,0.0496,0,0.1032,0.0646,907.4,720.6,5.2,0.9
PRJ-2022-056,Heavy Mfg,2022-11-29,Manual,0.1594,0.618,6731.7,8.0,0.137,1.573,0.54,0.84,0.9093,0.9637,35.6,0,45.4,1.0997,-0.0907,-0.0363,1.1412,0.0658,1,0.1789,0.1729,591.6,591.2,5.8,1.3
PRJ-2022-057,Offshore Energy,2023-12-03,Manual,0.1377,0.557,593.2,12.0,0.156,3.905,0.105,0.858,0.8299,1.15,42.1,1,64.1,1.205,-0.1701,0.15,1.0478,-0.0081,0,0.1341,0.1429,50.9,48.9,5.1,0.9
PRJ-2022-058,Heavy Mfg,2023-03-04,Manual,0.4215,0.502,8652.9,53.0,0.39,3.678,0.599,0.537,1.1609,1.0037,40.0,0,56.1,0.8614,0.1609,0.0037,0.8582,0.1048,1,0.161,0.1595,709.0,683.6,3.8,0.9
PRJ-2022-059,Shipbuilding,2019-01-02,Manual,0.2269,0.339,1427.9,32.0,0.246,3.713,0.11,0.678,0.9387,0.8585,36.3,0,10.0,1.0653,-0.0613,-0.1415,1.241,0.2369,1,0.1991,0.2035,120.6,120.7,4.8,0.9
PRJ-2022-060,Maritime Services,2023-08-20,Manual,0.2364,0.299,1957.1,21.0,0.401,2.261,0.399,0.607,0.9822,0.8829,40.3,0,39.7,1.0182,-0.0178,-0.1171,1.1532,0.1104,1,0.13,0.1292,174.1,185.5,5.7,0.9
PRJ-2022-061,Heavy Mfg,2022-03-26,Manual,0.2831,0.3,2111.5,40.0,0.157,3.167,0.059,0.59,1.093,0.9372,29.8,0,48.1,0.9149,0.093,-0.0628,0.9762,0.0283,0,0.1269,0.1138,186.1,196.4,4.6,1.0
PRJ-2022-062,Shipbuilding,2021-12-28,Manual,0.2416,0.27,1216.2,29.0,0.313,2.331,0.166,0.21,0.9856,0.8401,31.0,1,29.3,1.0146,-0.0144,-0.1599,1.2076,-0.0384,0,0.1803,0.1856,71.5,74.9,5.8,1.2
PRJ-2022-063,Maritime Services,2021-12-28,Manual,0.5658,0.456,621.7,54.0,0.112,3.181,0.34,0.388,0.9082,0.8624,43.7,0,35.5,1.101,-0.0918,-0.1376,1.2767,0.0424,0,0.1466,0.1608,37.1,36.2,5.0,1.1
PRJ-2022-064,Shipbuilding,2021-10-22,Manual,0.4648,0.514,10760.1,28.0,0.248,2.875,0.379,0.369,0.9104,0.8046,36.5,0,55.4,1.0985,-0.0896,-0.1954,1.3652,0.2341,1,0.1157,0.1275,580.1,574.6,5.5,1.1
PRJ-2022-065,Shipbuilding,2023-09-02,Manual,0.1501,0.477,3064.3,28.0,0.171,3.277,0.166,0.36,1.0352,0.943,31.0,0,70.4,0.966,0.0352,-0.057,1.0244,0.1523,1,0.1598,0.1554,221.0,230.5,6.0,1.2
PRJ-2022-066,Shipbuilding,2021-09-14,POFC,0.6815,0.194,11204.5,7.0,0.386,4.362,0.476,0.485,1.0516,0.9885,10.3,1,59.9,0.9509,0.0516,-0.0115,0.962,-0.0422,0,0.0895,0.0568,632.5,549.2,5.8,1.2
PRJ-2022-067,Heavy Mfg,2021-11-09,POFC,0.0601,0.605,3360.7,16.0,0.22,3.776,0.123,0.754,1.0305,1.15,17.4,1,72.7,0.9704,0.0305,0.15,0.8438,-0.0509,0,0.1631,0.1063,300.2,238.3,5.2,1.0
PRJ-2022-068,Heavy Mfg,2019-10-21,POFC,0.431,0.341,6797.1,15.0,0.424,2.852,0.445,0.377,0.9446,0.8175,12.9,1,43.7,1.0587,-0.0554,-0.1825,1.2951,0.004,0,0.1095,0.0716,607.7,496.4,4.9,0.9
PRJ-2022-069,Heavy Mfg,2021-05-01,POFC,0.1838,0.607,8704.8,35.0,0.264,3.317,0.504,0.59,1.0995,0.8755,11.5,1,47.2,0.9095,0.0995,-0.1245,1.0388,-0.0358,0,0.154,0.1042,433.1,348.8,6.3,1.3
PRJ-2022-070,Heavy Mfg,2021-08-28,POFC,0.6209,0.321,2449.0,54.0,0.114,3.86,0.4,0.591,0.9204,0.8545,14.2,1,15.4,1.0865,-0.0796,-0.1455,1.2716,-0.0251,0,0.133,0.1101,169.7,146.0,4.8,0.7
PRJ-2022-071,Heavy Mfg,2022-07-29,Manual,0.2375,0.647,8435.9,9.0,0.164,3.044,0.408,0.59,1.1395,0.9808,32.1,1,51.6,0.8776,0.1395,-0.0192,0.8948,0.0227,0,0.1223,0.1055,697.6,689.1,5.8,1.2
PRJ-2022-072,Heavy Mfg,2019-01-26,Manual,0.5004,0.413,13408.9,31.0,0.276,1.54,0.551,0.643,1.1008,0.8236,38.1,0,52.0,0.9084,0.1008,-0.1764,1.1031,0.1033,1,0.121,0.1317,660.6,646.5,5.9,1.1
PRJ-2022-073,Heavy Mfg,2021-08-26,Manual,0.5024,0.67,14527.9,34.0,0.19,2.241,0.363,0.756,0.7965,0.7581,55.0,1,50.8,1.2556,-0.2035,-0.2419,1.6563,0.289,1,0.1357,0.1231,589.9,598.6,5.7,1.1
PRJ-2022-074,Shipbuilding,2023-11-29,POFC,0.8872,0.118,13882.5,58.0,0.404,3.926,0.553,0.592,0.9915,0.9547,16.1,1,41.0,1.0085,-0.0085,-0.0453,1.0564,0.1325,1,0.1199,0.0791,671.0,545.3,5.3,1.0
PRJ-2022-075,Maritime Services,2022-04-11,Manual,0.088,0.846,3327.3,30.0,0.255,2.991,0.317,0.282,1.1208,0.9997,34.5,0,35.0,0.8922,0.1208,-0.0003,0.8925,0.0041,0,0.1009,0.1068,163.8,158.0,5.0,0.8
PRJ-2022-076,Shipbuilding,2022-10-18,Manual,0.1381,0.49,3762.9,25.0,0.253,1.959,0.165,0.794,1.1158,1.0729,48.4,0,45.0,0.8962,0.1158,0.0729,0.8353,0.138,1,0.1038,0.1205,206.5,211.6,4.0,0.8
PRJ-2022-077,Maritime Services,2023-02-26,POFC,0.4871,0.582,12784.7,47.0,0.145,4.299,0.209,0.732,0.8944,0.9016,20.6,1,66.2,1.1181,-0.1056,-0.0984,1.2401,0.1237,1,0.1398,0.0929,1063.7,864.0,3.5,0.6
PRJ-2022-078,Shipbuilding,2020-11-25,POFC,0.3106,0.426,3277.2,16.0,0.365,2.098,0.068,0.545,0.9957,1.0078,9.5,1,19.9,1.0043,-0.0043,0.0078,0.9966,-0.0333,0,0.0814,0.0415,282.4,239.1,5.7,1.1
PRJ-2022-079,Offshore Energy,2023-10-23,Manual,0.0948,0.686,9797.6,9.0,0.219,3.935,0.343,0.452,1.0201,0.8109,37.3,0,45.2,0.9803,0.0201,-0.1891,1.2089,0.0766,1,0.1346,0.1488,561.4,559.4,5.4,1.1
PRJ-2022-080,Shipbuilding,2021-11-26,Manual,0.4579,0.264,12406.9,13.0,0.437,2.432,0.577,0.596,0.9288,0.7595,49.7,0,64.3,1.0767,-0.0712,-0.2405,1.4175,0.1698,1,0.1364,0.117,1087.4,1126.8,5.0,1.1
PRJ-2022-081,Shipbuilding,2021-05-30,POFC,0.4727,0.186,3828.2,56.0,0.413,4.327,0.381,0.294,1.0315,1.0008,14.5,1,32.8,0.9695,0.0315,0.0008,0.9688,-0.0005,0,0.1048,0.0743,201.5,163.6,6.7,1.4
PRJ-2022-082,Maritime Services,2021-02-03,Manual,0.3152,0.262,3241.9,9.0,0.216,4.457,0.269,0.502,1.0119,1.0538,39.9,0,48.1,0.9882,0.0119,0.0538,0.9378,0.0516,1,0.1657,0.1728,283.1,275.1,7.4,1.4
PRJ-2022-083,Shipbuilding,2021-11-03,Manual,0.1302,0.622,8158.3,14.0,0.288,3.346,0.543,0.218,1.1667,0.9255,50.5,1,50.0,0.8571,0.1667,-0.0745,0.9261,0.0328,0,0.1548,0.133,393.2,394.7,4.2,0.7
PRJ-2022-084,Shipbuilding,2023-12-03,Manual,0.7654,0.337,13834.9,57.0,0.188,3.752,0.595,0.44,1.0739,1.0299,36.9,0,14.7,0.9312,0.0739,0.0299,0.9042,0.1256,1,0.1386,0.1079,1098.4,1061.0,4.2,0.7
PRJ-2023-001,Offshore Energy,2023-09-10,POFC,0.8175,0.37,14153.8,52.0,0.247,3.96,0.206,0.581,0.9303,1.15,2.4,1,65.1,1.0749,-0.0697,0.15,0.9347,0.0003,0,0.2114,0.1471,786.5,670.8,6.4,1.3
PRJ-2023-002,Shipbuilding,2021-06-27,Manual,0.0803,0.567,901.6,21.0,0.348,2.879,0.316,0.718,1.1518,0.932,38.4,0,75.6,0.8682,0.1518,-0.068,0.9315,0.1145,1,0.1373,0.145,66.9,65.0,4.8,1.1
PRJ-2023-003,Shipbuilding,2020-07-31,Manual,0.4829,0.164,3042.9,58.0,0.234,3.63,0.463,0.369,1.2,0.9622,46.3,1,87.4,0.8333,0.2,-0.0378,0.8661,0.063,1,0.1506,0.168,237.1,238.8,3.7,0.6
PRJ-2023-004,Shipbuilding,2023-01-13,POFC,0.3586,0.368,1996.7,59.0,0.368,1.612,0.325,0.52,1.0606,0.8237,9.9,1,25.0,0.9428,0.0606,-0.1763,1.1447,-0.1336,0,0.1489,0.0922,118.6,103.7,5.9,1.0
PRJ-2023-005,Offshore Energy,2020-10-24,Manual,0.3817,0.534,13853.1,12.0,0.358,2.916,0.518,0.779,1.0856,0.8276,42.5,0,45.0,0.9211,0.0856,-0.1724,1.113,0.061,1,0.135,0.1404,1172.6,1159.8,5.5,1.1
PRJ-2023-006,Shipbuilding,2021-06-19,Manual,0.3809,0.575,10012.3,29.0,0.355,3.386,0.094,0.242,1.0065,0.9212,26.9,0,49.0,0.9936,0.0065,-0.0788,1.0786,0.053,1,0.1534,0.1678,581.6,591.8,4.7,1.1
PRJ-2023-007,Offshore Energy,2020-04-10,POFC,0.4192,0.24,2820.3,31.0,0.273,4.436,0.383,0.808,0.9847,0.8017,14.6,1,49.7,1.0155,-0.0153,-0.1983,1.2668,-0.0522,0,0.1353,0.0696,184.3,146.0,5.0,1.0
PRJ-2023-008,Maritime Services,2022-05-23,Manual,0.2493,0.676,14537.1,16.0,0.154,3.052,0.12,0.798,1.0252,1.0048,41.9,0,25.2,0.9754,0.0252,0.0048,0.9708,0.1176,1,0.1975,0.2105,962.0,975.9,4.8,1.1
PRJ-2023-009,Offshore Energy,2023-04-19,Manual,0.4004,0.621,14272.3,33.0,0.152,1.254,0.391,0.318,0.8846,0.9733,30.5,0,18.5,1.1305,-0.1154,-0.0267,1.1614,0.1351,1,0.1254,0.124,792.0,765.0,4.3,0.8
PRJ-2023-010,Offshore Energy,2022-10-16,POFC,0.3978,0.654,12616.7,23.0,0.393,1.849,0.068,0.842,1.0328,0.9722,9.0,1,41.4,0.9683,0.0328,-0.0278,0.996,-0.1002,0,0.1123,0.0886,810.2,696.9,5.4,1.0
PRJ-2023-011,Offshore Energy,2021-03-21,Manual,0.7592,0.546,12376.5,26.0,0.336,3.729,0.223,0.862,0.8248,1.0678,24.4,1,30.5,1.2125,-0.1752,0.0678,1.1355,0.0289,0,0.1467,0.1304,1034.0,1028.8,5.1,1.0
PRJ-2023-012,Maritime Services,2021-05-05,POFC,0.438,0.159,741.2,14.0,0.251,3.13,0.491,0.663,0.9477,0.8977,11.0,1,49.5,1.0552,-0.0523,-0.1023,1.1755,-0.0698,0,0.1447,0.0877,51.5,42.1,3.7,0.8
PRJ-2023-013,Heavy Mfg,2019-10-03,Manual,0.4635,0.207,5310.5,35.0,0.264,3.158,0.221,0.247,1.1408,0.9514,47.3,0,39.4,0.8766,0.1408,-0.0486,0.9213,0.0734,1,0.1855,0.1789,451.3,453.8,5.9,1.1
PRJ-2023-014,Offshore Energy,2020-07-02,Manual,0.763,0.12,11027.7,40.0,0.398,2.055,0.35,0.612,1.1906,0.8006,53.1,0,48.6,0.8399,0.1906,-0.1994,1.0491,-0.0275,0,0.1572,0.1438,468.8,467.4,4.5,0.6
PRJ-2023-015,Heavy Mfg,2021-10-27,Manual,0.2992,0.692,14615.8,47.0,0.41,1.31,0.559,0.388,0.9483,1.1265,43.1,0,70.2,1.0545,-0.0517,0.1265,0.9361,0.1862,1,0.151,0.1593,774.8,769.9,6.3,1.2
PRJ-2023-016,Heavy Mfg,2021-02-22,POFC,0.8066,0.261,9709.5,56.0,0.15,3.19,0.301,0.734,1.0091,1.0192,12.9,1,39.9,0.991,0.0091,0.0192,0.9723,0.0575,1,0.1072,0.0664,514.6,432.3,4.4,0.7
PRJ-2023-017,Heavy Mfg,2020-05-28,POFC,0.8005,0.242,10194.3,41.0,0.412,2.384,0.473,0.722,0.8335,0.9531,16.5,1,48.3,1.1997,-0.1665,-0.0469,1.2588,-0.1069,0,0.1642,0.1298,701.0,550.3,5.0,0.8
PRJ-2023-018,Maritime Services,2022-09-19,Manual,0.5476,0.424,9300.7,44.0,0.193,3.819,0.188,0.352,0.941,0.9187,37.7,1,44.3,1.0627,-0.059,-0.0813,1.1567,0.0955,1,0.1414,0.1394,796.7,779.9,4.1,0.6
PRJ-2023-019,Heavy Mfg,2022-11-14,Manual,0.4073,0.553,14412.2,45.0,0.101,3.509,0.185,0.458,0.9807,0.8123,49.2,0,32.2,1.0197,-0.0193,-0.1877,1.2554,0.22,1,0.1102,0.1103,610.7,594.3,5.1,1.0
PRJ-2023-020,Heavy Mfg,2020-02-01,POFC,0.7859,0.223,14840.4,51.0,0.317,2.622,0.572,0.279,1.0249,1.022,10.0,1,72.4,0.9757,0.0249,0.022,0.9547,-0.053,0,0.161,0.1279,1308.7,1091.3,5.0,1.0
PRJ-2023-021,Shipbuilding,2021-11-17,POFC,0.701,0.287,7236.1,48.0,0.148,3.76,0.238,0.469,0.9623,1.0328,11.0,1,39.9,1.0391,-0.0377,0.0328,1.0061,-0.1076,0,0.1673,0.1129,618.4,548.0,4.8,1.1
PRJ-2023-022,Offshore Energy,2021-06-09,Manual,0.3286,0.325,6259.7,30.0,0.392,1.357,0.526,0.501,1.0539,0.9195,37.7,0,10.6,0.9488,0.0539,-0.0805,1.0319,0.1454,1,0.0835,0.0666,380.6,373.4,4.9,1.0
PRJ-2023-023,Heavy Mfg,2021-04-25,POFC,0.7389,0.054,8933.6,25.0,0.416,2.973,0.351,0.278,0.9275,0.9474,12.1,1,34.3,1.0781,-0.0725,-0.0526,1.138,-0.1579,0,0.1558,0.1346,480.4,378.3,4.8,0.8
PRJ-2023-024,Shipbuilding,2021-04-06,POFC,0.6107,0.314,5426.6,47.0,0.336,1.478,0.172,0.832,0.8475,0.9105,11.1,1,35.3,1.1799,-0.1525,-0.0895,1.2959,0.0961,1,0.1647,0.1218,405.5,334.0,6.1,1.3
PRJ-2023-025,Offshore Energy,2022-06-07,POFC,0.6455,0.09,6927.0,24.0,0.151,2.465,0.146,0.539,0.9914,0.9873,9.2,1,13.9,1.0087,-0.0086,-0.0127,1.0216,0.0336,0,0.1487,0.1014,546.6,466.6,4.9,0.9
PRJ-2023-026,Shipbuilding,2020-12-21,Manual,0.2799,0.32,2327.8,17.0,0.207,3.154,0.36,0.764,1.0526,0.9835,40.9,0,18.8,0.95,0.0526,-0.0165,0.9659,0.1265,1,0.1159,0.1178,148.9,149.9,5.6,1.1
PRJ-2023-027,Shipbuilding,2023-11-19,Manual,0.7771,0.288,13870.4,51.0,0.302,1.723,0.264,0.8,0.9252,0.8523,41.8,0,39.6,1.0809,-0.0748,-0.1477,1.2682,0.2231,1,0.1398,0.1512,1127.3,1157.0,6.1,1.1
PRJ-2023-028,Shipbuilding,2020-06-24,Manual,0.3665,0.882,14625.6,31.0,0.106,2.178,0.328,0.795,1.0088,0.8683,42.5,0,89.8,0.9913,0.0088,-0.1317,1.1417,0.2018,1,0.1846,0.184,665.1,640.5,5.8,1.2
PRJ-2023-029,Maritime Services,2021-09-21,POFC,0.2364,0.584,12595.2,20.0,0.282,1.561,0.18,0.764,1.097,1.0428,14.6,1,67.9,0.9116,0.097,0.0428,0.8742,0.0546,1,0.1472,0.095,748.3,602.1,6.1,1.2
PRJ-2023-030,Heavy Mfg,2020-01-10,POFC,0.4905,0.592,14602.2,6.0,0.41,2.506,0.174,0.439,0.877,1.0871,7.8,1,44.1,1.1402,-0.123,0.0871,1.0488,-0.0842,0,0.1621,0.1232,834.6,677.6,3.7,0.8
PRJ-2023-031,Maritime Services,2022-03-03,Manual,0.6365,0.45,12549.3,38.0,0.187,4.487,0.561,0.665,0.9225,1.15,23.3,0,34.3,1.0841,-0.0775,0.15,0.9427,0.0463,0,0.1473,0.1507,1103.3,1140.7,4.0,0.7
PRJ-2023-032,Shipbuilding,2023-04-24,Manual,0.2968,0.307,7734.7,16.0,0.215,3.54,0.165,0.432,1.0059,0.9284,27.1,0,22.1,0.9941,0.0059,-0.0716,1.0708,0.0916,1,0.1446,0.1476,587.0,590.7,3.5,0.8
PRJ-2023-033,Offshore Energy,2022-05-03,POFC,0.6334,0.29,5847.0,48.0,0.389,3.448,0.278,0.318,0.7189,0.9018,10.1,1,66.7,1.391,-0.2811,-0.0982,1.5424,0.0178,0,0.1775,0.1235,474.5,402.3,6.2,1.3
PRJ-2023-034,Heavy Mfg,2022-07-14,Manual,0.6901,0.248,6811.0,45.0,0.138,2.385,0.481,0.258,1.0093,0.9544,18.1,1,45.9,0.9907,0.0093,-0.0456,1.038,-0.0464,0,0.06,0.0536,534.2,542.8,4.5,0.9
PRJ-2023-035,Shipbuilding,2019-07-02,Manual,0.1563,0.548,4710.4,32.0,0.428,2.422,0.277,0.337,0.945,0.9337,40.9,0,32.6,1.0582,-0.055,-0.0663,1.1334,0.1225,1,0.1245,0.1257,202.2,207.9,6.3,1.3
PRJ-2023-036,Heavy Mfg,2023-07-22,Manual,0.1244,0.643,1154.4,43.0,0.422,3.281,0.246,0.253,0.9234,1.0837,27.6,0,47.7,1.0829,-0.0766,0.0837,0.9992,0.0653,1,0.1657,0.1735,46.2,46.4,6.4,1.1
PRJ-2023-037,Heavy Mfg,2021-05-19,Manual,0.34,0.356,5779.1,31.0,0.43,2.7,0.495,0.792,1.1525,1.0772,38.3,1,48.5,0.8677,0.1525,0.0772,0.8055,0.0599,1,0.1705,0.1801,518.8,528.0,6.0,1.0
PRJ-2023-038,Offshore Energy,2023-04-25,POFC,0.5014,0.387,9409.2,41.0,0.271,3.74,0.247,0.842,0.8989,0.9673,11.4,1,74.9,1.1125,-0.1011,-0.0327,1.1501,0.0555,1,0.142,0.1026,480.0,398.3,5.2,0.9
PRJ-2023-039,Shipbuilding,2021-08-08,POFC,0.3905,0.346,4833.1,39.0,0.231,3.94,0.402,0.597,1.0494,1.15,17.4,1,36.2,0.953,0.0494,0.15,0.8287,-0.1204,0,0.1314,0.0948,334.4,263.9,4.3,0.8
PRJ-2023-040,Offshore Energy,2020-12-25,Manual,0.1944,0.531,714.9,46.0,0.424,2.139,0.568,0.809,0.8856,0.8829,24.0,1,18.4,1.1292,-0.1144,-0.1171,1.279,0.1067,1,0.1473,0.1323,41.5,40.8,6.6,1.1
PRJ-2023-041,Heavy Mfg,2023-04-14,POFC,0.5611,0.171,12119.3,45.0,0.129,2.939,0.08,0.622,1.1025,0.9105,9.3,1,57.0,0.907,0.1025,-0.0895,0.9961,0.0062,0,0.1156,0.1008,961.9,784.7,5.1,1.0
PRJ-2023-042,Maritime Services,2020-07-31,POFC,0.2753,0.83,9855.6,35.0,0.415,4.36,0.265,0.665,0.9168,0.6479,12.0,1,33.4,1.0907,-0.0832,-0.3521,1.6836,-0.0489,0,0.1119,0.0747,777.7,648.8,5.9,1.2
PRJ-2023-043,Shipbuilding,2022-06-14,POFC,0.5373,0.089,3160.2,43.0,0.329,3.825,0.567,0.465,1.1426,0.7754,12.9,1,40.1,0.8752,0.1426,-0.2246,1.1287,-0.0958,0,0.1324,0.0936,223.9,179.8,3.9,0.5
PRJ-2023-044,Shipbuilding,2023-06-17,POFC,0.4824,0.145,13515.1,7.0,0.368,4.071,0.223,0.875,0.9651,0.8763,12.4,1,65.8,1.0362,-0.0349,-0.1237,1.1825,-0.0846,0,0.2023,0.1431,828.9,702.7,6.5,1.2
PRJ-2023-045,Maritime Services,2019-07-14,POFC,0.8481,0.08,12224.8,31.0,0.177,3.861,0.405,0.827,0.863,0.7545,1.0,1,55.3,1.1588,-0.137,-0.2455,1.5359,-0.0061,0,0.1488,0.1336,511.0,418.3,4.5,0.9
PRJ-2023-046,Maritime Services,2023-10-20,POFC,0.3672,0.333,2888.6,41.0,0.127,1.896,0.461,0.765,1.0063,0.9607,13.5,1,31.6,0.9937,0.0063,-0.0393,1.0343,-0.0025,0,0.153,0.091,182.0,152.9,6.0,1.3
PRJ-2023-047,Maritime Services,2020-09-02,POFC,0.372,0.369,727.2,33.0,0.267,3.757,0.077,0.659,0.9402,1.1137,2.2,1,49.9,1.0637,-0.0598,0.1137,0.9551,-0.0381,0,0.116,0.0981,56.6,48.2,5.5,1.1
PRJ-2023-048,Maritime Services,2019-05-29,POFC,0.2678,0.334,3157.2,20.0,0.448,4.018,0.56,0.251,1.0552,0.8762,4.6,1,28.4,0.9477,0.0552,-0.1238,1.0816,-0.0204,0,0.1103,0.0949,202.3,178.3,6.0,0.9
PRJ-2023-049,Shipbuilding,2022-01-22,Manual,0.3869,0.46,12294.0,17.0,0.24,1.856,0.056,0.443,1.1622,1.15,38.7,0,46.8,0.8604,0.1622,0.15,0.8,0.1338,1,0.1271,0.121,931.5,959.2,3.5,0.7
PRJ-2023-050,Shipbuilding,2020-07-03,POFC,0.2523,0.356,766.0,26.0,0.12,2.91,0.28,0.306,1.2,0.8342,14.1,1,34.2,0.8333,0.2,-0.1658,0.9989,-0.0707,0,0.1668,0.1143,61.4,52.7,5.6,1.2
PRJ-2023-051,Heavy Mfg,2020-01-02,Manual,0.1476,0.734,7024.7,16.0,0.206,2.103,0.425,0.669,1.0047,0.9646,42.4,0,36.1,0.9953,0.0047,-0.0354,1.0318,0.0492,0,0.1096,0.0945,586.7,595.4,6.8,1.4
PRJ-2023-052,Shipbuilding,2023-03-08,Manual,0.3823,0.083,3417.4,34.0,0.227,2.584,0.085,0.542,1.0519,0.8682,40.5,0,28.7,0.9506,0.0519,-0.1318,1.0949,0.1113,1,0.1855,0.1622,246.0,236.6,5.2,1.1
PRJ-2023-053,Shipbuilding,2019-01-12,Manual,0.1302,0.263,1756.7,17.0,0.386,3.081,0.356,0.822,1.1102,0.9403,51.0,0,19.5,0.9007,0.1102,-0.0597,0.958,-0.018,0,0.1019,0.1076,152.8,156.6,4.7,0.9
PRJ-2023-054,Heavy Mfg,2021-02-05,Manual,0.6498,0.082,4296.4,22.0,0.349,3.775,0.259,0.662,0.9345,0.8814,37.4,1,41.9,1.0701,-0.0655,-0.1186,1.2141,0.0454,0,0.1665,0.1529,172.7,176.6,4.9,1.0
PRJ-2023-055,Shipbuilding,2022-09-19,Manual,0.106,0.298,2349.0,14.0,0.424,2.698,0.168,0.303,1.1244,0.9818,38.8,0,52.7,0.8894,0.1244,-0.0182,0.9059,0.045,0,0.0972,0.0795,124.3,118.5,3.3,0.7
PRJ-2023-056,Offshore Energy,2019-10-29,POFC,0.9185,0.078,7989.1,51.0,0.395,1.544,0.391,0.462,0.851,1.0669,15.7,1,58.3,1.1751,-0.149,0.0669,1.1014,0.0001,0,0.138,0.0992,521.4,433.9,4.3,0.8
PRJ-2023-057,Maritime Services,2022-12-01,POFC,0.4692,0.324,6235.5,26.0,0.22,3.059,0.295,0.565,1.1821,1.0978,9.5,1,94.7,0.8459,0.1821,0.0978,0.8,-0.0431,0,0.0681,0.0539,472.5,392.8,5.0,0.9
PRJ-2023-058,Maritime Services,2022-05-22,Manual,0.5891,0.273,3643.8,26.0,0.334,3.011,0.302,0.392,0.9895,1.0387,39.8,0,20.8,1.0107,-0.0105,0.0387,0.973,-0.0088,0,0.1253,0.1187,172.1,177.3,5.5,1.0
PRJ-2023-059,Heavy Mfg,2022-01-10,POFC,0.8269,0.054,7701.6,54.0,0.12,1.569,0.492,0.567,0.9378,1.1489,15.0,1,19.0,1.0663,-0.0622,0.1489,0.9281,-0.0471,0,0.1817,0.1299,533.4,431.2,4.5,0.9
PRJ-2023-060,Shipbuilding,2021-08-15,Manual,0.2112,0.801,2713.1,50.0,0.205,2.609,0.595,0.501,0.8782,0.9939,30.1,0,29.7,1.1388,-0.1218,-0.0061,1.1457,0.0956,1,0.1249,0.1274,226.1,221.6,4.5,0.8
PRJ-2023-061,Offshore Energy,2020-01-25,Manual,0.5022,0.402,7405.2,6.0,0.292,4.356,0.212,0.646,0.9203,0.9636,43.5,1,37.8,1.0866,-0.0797,-0.0364,1.1276,-0.0645,0,0.151,0.1448,438.0,433.7,4.3,0.8
PRJ-2023-062,Shipbuilding,2022-01-03,Manual,0.3854,0.624,9173.9,21.0,0.266,2.295,0.358,0.278,0.7536,0.7952,35.0,0,26.4,1.3269,-0.2464,-0.2048,1.6687,0.0601,1,0.1974,0.1744,564.6,578.7,5.4,1.2
PRJ-2023-063,Heavy Mfg,2022-12-25,POFC,0.6478,0.634,12854.4,50.0,0.375,4.45,0.052,0.422,0.8645,1.024,9.9,1,32.5,1.1568,-0.1355,0.024,1.1297,0.1381,1,0.1077,0.0859,929.8,839.9,2.8,0.5
PRJ-2023-064,Heavy Mfg,2020-12-28,POFC,0.3109,0.511,1841.0,31.0,0.198,4.213,0.24,0.768,0.9299,0.993,14.9,1,50.9,1.0754,-0.0701,-0.007,1.083,-0.0724,0,0.1905,0.1491,84.1,70.7,6.1,1.1
PRJ-2023-065,Offshore Energy,2020-06-21,Manual,0.6336,0.226,8941.0,16.0,0.4,1.513,0.124,0.577,0.9858,1.1049,30.0,0,59.9,1.0144,-0.0142,0.1049,0.9181,0.1397,1,0.1196,0.1319,571.1,571.8,4.3,0.9
PRJ-2023-066,Maritime Services,2019-07-04,POFC,0.4136,0.209,13254.4,27.0,0.243,3.825,0.359,0.591,0.8148,0.7313,12.1,1,51.4,1.2273,-0.1852,-0.2687,1.6784,0.0347,0,0.168,0.1225,1006.3,819.8,5.3,0.8
PRJ-2023-067,Heavy Mfg,2020-10-30,POFC,0.3055,0.406,8284.8,26.0,0.251,2.243,0.166,0.508,0.9194,0.9245,9.6,1,54.1,1.0877,-0.0806,-0.0755,1.1766,-0.082,0,0.1325,0.067,657.5,564.1,3.7,0.7
PRJ-2023-068,Maritime Services,2022-08-21,Manual,0.1908,0.419,6978.4,23.0,0.106,3.006,0.456,0.54,1.1649,1.035,42.3,0,49.0,0.8585,0.1649,0.035,0.8295,-0.0137,0,0.1503,0.163,404.4,408.9,4.7,0.7
PRJ-2023-069,Heavy Mfg,2023-10-30,Manual,0.5154,0.049,3313.9,34.0,0.315,2.336,0.581,0.591,1.0599,0.9736,30.8,1,33.7,0.9434,0.0599,-0.0264,0.969,0.052,1,0.1379,0.143,207.4,204.0,6.3,1.1
PRJ-2023-070,Heavy Mfg,2019-06-17,Manual,0.5257,0.241,11531.0,37.0,0.26,1.982,0.554,0.493,0.9291,0.8587,31.0,1,52.4,1.0763,-0.0709,-0.1413,1.2534,0.0442,0,0.1557,0.152,546.3,537.5,6.4,1.2
PRJ-2023-071,Shipbuilding,2021-10-11,POFC,0.4567,0.517,11250.7,25.0,0.146,2.68,0.236,0.787,0.9003,1.0886,15.2,1,26.1,1.1108,-0.0997,0.0886,1.0204,-0.0644,0,0.0806,0.0493,501.4,385.0,6.4,1.2
PRJ-2023-072,Heavy Mfg,2023-08-08,Manual,0.092,0.838,2195.2,30.0,0.373,3.951,0.346,0.742,0.9903,0.845,46.2,0,31.1,1.0098,-0.0097,-0.155,1.1951,0.2064,1,0.1318,0.1372,95.6,96.9,6.6,1.4
PRJ-2023-073,Offshore Energy,2021-02-02,POFC,0.5728,0.455,12593.0,29.0,0.41,2.834,0.554,0.364,1.0566,0.8649,10.1,1,42.4,0.9464,0.0566,-0.1351,1.0943,-0.0476,0,0.1199,0.0721,858.7,756.7,4.7,0.8
PRJ-2023-074,Shipbuilding,2023-08-15,Manual,0.3373,0.339,7948.8,31.0,0.176,1.278,0.152,0.33,1.2,0.8818,41.8,0,58.2,0.8333,0.2,-0.1182,0.9451,-0.0713,0,0.1081,0.0971,667.0,670.4,6.1,1.4
PRJ-2023-075,Shipbuilding,2021-10-07,Manual,0.4347,0.314,14643.4,26.0,0.345,2.577,0.42,0.728,1.1455,1.15,36.9,0,34.8,0.873,0.1455,0.15,0.8,0.0316,0,0.1041,0.0948,809.4,822.4,4.9,1.0
PRJ-2023-076,Heavy Mfg,2023-05-25,Manual,0.6008,0.368,14118.7,46.0,0.415,3.617,0.13,0.745,0.9066,0.8502,30.4,0,19.1,1.103,-0.0934,-0.1498,1.2974,0.0858,1,0.1861,0.1675,698.0,708.7,5.4,0.8
PRJ-2023-077,Shipbuilding,2022-09-28,POFC,0.704,0.279,8986.6,50.0,0.214,2.767,0.593,0.288,0.9422,0.8397,19.9,1,78.1,1.0614,-0.0578,-0.1603,1.2639,0.063,1,0.1156,0.094,744.0,634.6,4.1,1.1
PRJ-2023-078,Heavy Mfg,2019-01-13,Manual,0.0931,0.712,2278.7,44.0,0.133,2.686,0.43,0.511,1.2,0.579,27.9,0,56.0,0.8333,0.2,-0.421,1.4393,0.0044,0,0.1437,0.1288,93.8,97.8,4.3,0.7
PRJ-2023-079,Shipbuilding,2022-01-21,POFC,0.8429,0.122,14207.1,48.0,0.432,2.656,0.487,0.66,1.0279,0.9848,8.2,1,53.2,0.9728,0.0279,-0.0152,0.9879,0.0113,0,0.1478,0.1156,838.8,682.0,4.1,0.9
PRJ-2023-080,Shipbuilding,2022-03-05,Manual,0.3887,0.1,11595.8,6.0,0.222,3.462,0.459,0.593,1.0046,0.8325,43.3,0,35.8,0.9954,0.0046,-0.1675,1.1957,0.1905,1,0.1092,0.114,608.9,614.0,5.3,1.1
PRJ-2023-081,Offshore Energy,2019-04-23,Manual,0.4361,0.807,13314.1,55.0,0.379,3.402,0.45,0.306,0.7606,0.8794,51.2,0,69.2,1.3148,-0.2394,-0.1206,1.4951,0.147,1,0.1384,0.1363,960.5,976.3,6.4,1.2
PRJ-2023-082,Offshore Energy,2023-07-08,Manual,0.5848,0.108,1395.6,20.0,0.28,4.129,0.124,0.304,0.8506,1.0922,37.1,1,66.0,1.1757,-0.1494,0.0922,1.0765,-0.0427,0,0.1195,0.1346,73.1,71.0,5.9,1.2
PRJ-2023-083,Heavy Mfg,2023-07-24,POFC,0.8198,0.324,11717.4,58.0,0.19,1.262,0.518,0.304,0.9382,0.7764,11.5,1,50.7,1.0658,-0.0618,-0.2236,1.3728,-0.0369,0,0.1486,0.1119,529.1,438.2,5.2,1.0
PRJ-2023-084,Maritime Services,2020-04-27,POFC,0.7829,0.308,12881.1,45.0,0.101,3.495,0.467,0.785,0.8395,1.0762,13.0,1,48.8,1.1911,-0.1605,0.0762,1.1067,-0.0322,0,0.0924,0.0622,632.6,538.4,5.9,1.2
